"Name","TeamAbbreviation","GamesPlayed","Minutes","PlusMinus","OnOffRtg","OnDefRtg","FirstChancePoints","ThreePtOffReboundedPct","AtRimOffReboundedPct","ShortMidRangeOffReboundedPct","LongMidRangeOffReboundedPct","Blocks","Blocked2s","Blocked3s","BlockedAtRim","BlockedShortMidRange","BlockedLongMidRange","BlockedCorner3","BlockedArc3","RecoveredBlocks","BlocksRecoveredPct","Steals","LostBallSteals","BadPassSteals","DefensiveGoaltends"
"Mikal Bridges","NYK",82,3036,334,120.55829228243022,114.5472376593658,1279,0.23655913978494625,0.375,0.3508771929824561,0.29508196721311475,43,37,6,26,11,0,2,4,27,0.627906976744186,75,20,55,1
"Josh Hart","NYK",77,2897,203,120.01725625539257,116.0735774454186,910,0.21935483870967742,0.43,0.2535211267605634,0.21739130434782608,27,26,1,14,12,0,0,1,14,0.5185185185185185,119,48,71,0
"Anthony Edwards","MIN",79,2871,291,117.80113734275375,113.03972366148533,1999,0.23655913978494625,0.3643410852713178,0.26582278481012656,0.2037037037037037,51,47,4,24,20,3,2,2,30,0.5882352941176471,91,39,52,1
"Devin Booker","PHX",75,2795,-177,117.11711711711712,120.77714691270404,1769,0.21487603305785125,0.43548387096774194,0.3037383177570093,0.26495726495726496,16,14,2,8,6,0,0,2,10,0.625,67,28,39,1
"James Harden","LAC",79,2789,344,116.76952918356551,110.89913442854619,1681,0.2632850241545894,0.3950617283950617,0.3640776699029126,0.25,55,41,14,14,26,1,8,6,31,0.5636363636363636,118,43,75,0
"DeMar DeRozan","SAC",77,2768,110,118.70019479369577,117.6061362825544,1573,0.3018867924528302,0.5,0.33495145631067963,0.29056603773584905,32,32,0,11,19,2,0,0,23,0.71875,62,23,39,0
"Trae Young","ATL",76,2739,32,117.59918616480164,117.33514615907545,1681,0.28888888888888886,0.39805825242718446,0.3023255813953488,0.41935483870967744,12,8,4,5,3,0,1,3,7,0.5833333333333334,91,40,51,0
"Tyler Herro","MIA",77,2725,99,115.70202665692896,114.45871559633028,1681,0.21921182266009853,0.38961038961038963,0.2784090909090909,0.19607843137254902,17,15,2,12,2,1,0,2,10,0.5882352941176471,69,19,50,2
"OG Anunoby","NYK",74,2706,301,119.72688687949807,114.2145098763153,1188,0.28113879003558717,0.4318181818181818,0.40298507462686567,0.26666666666666666,65,49,16,28,19,2,6,10,42,0.6461538461538462,110,43,67,0
"Jalen Green","HOU",82,2697,166,115.7751586582049,113.48540145985402,1588,0.3482587064676617,0.4426229508196721,0.42857142857142855,0.23846153846153847,27,26,1,7,18,1,1,0,21,0.7777777777777778,71,27,44,2
"Christian Braun","DEN",79,2675,479,125.40344514959203,116.31731116732924,1112,0.21212121212121213,0.44166666666666665,0.38571428571428573,0.2777777777777778,37,34,3,14,17,3,0,3,26,0.7027027027027027,85,28,57,1
"Bam Adebayo","MIA",78,2674,27,113.26164874551972,112.79486695602944,1232,0.20610687022900764,0.2875,0.22021660649819494,0.2054794520547945,53,52,1,25,24,3,0,1,35,0.660377358490566,98,30,68,12
"Ivica Zubac","LAC",80,2624,514,118.2605421686747,108.85072655217965,1041,0,0.4357142857142857,0.21,0.25,90,87,3,46,40,1,1,2,58,0.6444444444444445,55,21,34,3
"Jayson Tatum","BOS",72,2624,534,121.15094339622641,111.75018982536066,1785,0.25272331154684097,0.358695652173913,0.2890625,0.26,38,30,8,19,11,0,0,8,24,0.631578947368421,76,32,44,2
"Jaden McDaniels","MIN",82,2614,172,115.94341426113553,111.9916381603953,854,0.2828282828282828,0.5277777777777778,0.37037037037037035,0.20833333333333334,74,69,5,44,25,0,2,3,42,0.5675675675675675,110,39,71,7
"Keegan Murray","SAC",76,2610,46,117.07362885048835,115.97000937207123,829,0.18815331010452963,0.4,0.3010752688172043,0.15625,69,66,3,29,35,2,0,3,41,0.5942028985507246,61,21,40,4
"Zach LaVine","SAC",74,2603,-70,117.42915354695313,118.74768432752872,1593,0.1916376306620209,0.35514018691588783,0.2676056338028169,0.23275862068965517,12,9,3,2,7,0,0,3,5,0.4166666666666667,58,17,41,0
"Shai Gilgeous-Alexander","OKC",76,2598,918,124.0580775592722,107.96001480932988,2249,0.2868217054263566,0.35772357723577236,0.2835820895522388,0.18333333333333332,77,72,5,32,37,3,3,2,43,0.5584415584415584,131,59,72,0
"Michael Porter Jr.","DEN",77,2593,265,122.62991246042094,117.65034444237573,1169,0.20701754385964913,0.4,0.2602739726027397,0.1891891891891892,38,35,3,13,20,2,0,3,24,0.631578947368421,50,15,35,5
"Derrick White","BOS",76,2574,540,121.6456921587609,111.622934888241,1128,0.23933649289099526,0.4827586206896552,0.2037037037037037,0.375,80,71,9,30,37,4,2,7,55,0.6875,72,32,40,0
"Dyson Daniels","ATL",76,2571,-65,115.5055768879137,116.22655254052086,946,0.23076923076923078,0.4392523364485981,0.4175257731958763,0.42857142857142855,55,51,4,26,23,2,1,3,28,0.509090909090909,229,93,136,2
"Nikola Jokić","DEN",70,2571,594,127.47680890538034,116.62950575994054,1786,0.17073170731707318,0.5294117647058824,0.4222222222222222,0.24324324324324326,45,43,2,22,20,1,1,1,26,0.5777777777777777,127,26,101,0
"Austin Reaves","LAL",73,2550,195,119.31577935806266,115.39052005373249,1379,0.2168284789644013,0.4666666666666667,0.25547445255474455,0.13793103448275862,22,18,4,6,12,0,1,3,11,0.5,81,25,56,0
"Toumani Camara","POR",78,2548,-114,113.13559322033898,115.26467757459095,739,0.23076923076923078,0.30526315789473685,0.29850746268656714,1,50,47,3,30,15,2,0,3,30,0.6,116,35,81,6
"Pascal Siakam","IND",78,2548,312,117.63248189096454,111.34549600912202,1411,0.19170984455958548,0.3888888888888889,0.31088082901554404,0.13953488372093023,42,41,1,24,17,0,1,0,24,0.5714285714285714,70,42,28,3
"Brook Lopez","MIL",80,2546,134,116.89925444465685,114.90874159462057,903,0.18695652173913044,0.3409090909090909,0.25316455696202533,0,148,144,4,77,66,1,3,1,102,0.6891891891891891,50,23,27,2
"Karl-Anthony Towns","NYK",72,2517,378,121.95026434305855,115.4301499605367,1451,0.18041237113402062,0.3614457831325301,0.281437125748503,0.075,50,50,0,34,15,1,0,0,31,0.62,71,20,51,2
"Bub Carrington","WAS",82,2458,-798,105.54259043173862,120.96774193548387,761,0.20610687022900764,0.30952380952380953,0.3333333333333333,0.28125,21,20,1,13,7,0,1,0,11,0.5238095238095238,54,24,30,0
"Cade Cunningham","DET",70,2452,177,117.18260188087774,114.34200157604414,1719,0.22093023255813954,0.39072847682119205,0.3173431734317343,0.273972602739726,53,52,1,33,19,0,1,0,27,0.5094339622641509,71,38,33,1
"Tyrese Haliburton","IND",73,2451,222,119.61440094432422,116.23015873015873,1272,0.1951219512195122,0.35135135135135137,0.27586206896551724,0.16666666666666666,49,37,12,14,18,5,3,9,32,0.6530612244897959,105,14,91,0
"Coby White","CHI",74,2450,-141,114.28571428571429,116.99732926363983,1388,0.22752808988764045,0.3173076923076923,0.28865979381443296,0.175,16,16,0,10,6,0,0,0,7,0.4375,69,21,48,0
"LeBron James","LAL",70,2444,-54,116.0843373493976,117.09813365442506,1564,0.21721311475409835,0.3541666666666667,0.3254437869822485,0.20388349514563106,39,39,0,20,17,2,0,0,20,0.5128205128205128,70,13,57,1
"Domantas Sabonis","SAC",70,2429,145,118.34069907593411,115.91688521283034,1037,0.1978021978021978,0.375886524822695,0.23232323232323232,0.09375,26,26,0,9,17,0,0,0,17,0.6538461538461539,48,18,30,1
"Jamal Murray","DEN",67,2418,331,124.46722959388822,118.02618328298087,1337,0.2775330396475771,0.410958904109589,0.38686131386861317,0.2462686567164179,33,31,2,17,13,1,0,2,19,0.5757575757575758,91,30,61,0
"Alperen Sengun","HOU",76,2394,408,117.17917179171792,110.17019510170195,1168,0.23809523809523808,0.43373493975903615,0.314878892733564,0.17647058823529413,61,60,1,39,21,0,1,0,37,0.6065573770491803,84,30,54,8
"Rudy Gobert","MIN",72,2388,327,116.3872590108969,109.69569779643233,605,0,0.3786407766990291,0.3728813559322034,0.5,104,98,6,39,53,6,1,5,64,0.6153846153846154,56,13,43,5
"Dillon Brooks","HOU",75,2388,207,115.25423728813558,111.29767827529021,910,0.32727272727272727,0.4838709677419355,0.3951612903225806,0.175,16,16,0,10,6,0,0,0,11,0.6875,60,17,43,0
"Tobias Harris","DET",73,2306,188,116.62119622245541,112.8415300546448,894,0.23255813953488372,0.4090909090909091,0.32,0.23404255319148937,57,51,6,21,29,1,2,4,32,0.5614035087719298,74,26,48,0
"Jalen Brunson","NYK",65,2301,146,120.17297297297297,117.62660291241035,1580,0.2754237288135593,0.37037037037037035,0.3105263157894737,0.22580645161290322,8,8,0,3,5,0,0,0,6,0.75,60,22,38,0
"Darius Garland","CLE",75,2301,499,125,115.1959756864389,1418,0.3,0.4074074074074074,0.2945205479452055,0.32,11,11,0,6,3,2,0,0,7,0.6363636363636364,91,19,72,0
"Jarrett Allen","CLE",82,2296,514,124.34307336556654,113.18105616093881,904,0,0.22580645161290322,0.17857142857142858,0.5,73,73,0,45,28,0,0,0,39,0.5342465753424658,77,25,52,2
"Chris Paul","SAS",82,2292,1,116.54310527430628,117.81966159777255,659,0.23318385650224216,0,0.1951219512195122,0.17543859649122806,22,22,0,11,11,0,0,0,12,0.5454545454545454,103,52,51,0
"Anfernee Simons","POR",70,2292,-220,111.41935483870968,116.12556439475382,1200,0.28254847645429365,0.3235294117647059,0.3469387755102041,0.2765957446808511,5,5,0,2,3,0,0,0,3,0.6,60,22,38,0
"Giannis Antetokounmpo","MIL",67,2289,334,120.55260361317748,113.98676062353192,1803,0.13333333333333333,0.33689839572192515,0.29411764705882354,0.11764705882352941,78,77,1,48,28,1,1,0,53,0.6794871794871795,58,22,36,7
"Malik Beasley","DET",82,2283,175,116.08786610878661,113.0654323585104,1198,0.2511415525114155,0.5151515151515151,0.3404255319148936,0.22857142857142856,5,3,2,1,2,0,0,2,3,0.6,73,23,50,0
"Kentavious Caldwell-Pope","ORL",77,2279,10,110.82760150876415,110.40974529346623,594,0.21962616822429906,0.3684210526315789,0.2916666666666667,0.20454545454545456,34,31,3,17,14,0,1,2,21,0.6176470588235294,99,30,69,0
"Nikola Vučević","CHI",73,2278,-98,115.46201232032854,118.00742574257427,1167,0.20526315789473684,0.3626373626373626,0.19135802469135801,0.175,52,51,1,28,23,0,0,1,30,0.5769230769230769,61,16,45,0
"Payton Pritchard","BOS",80,2271,430,120.63421170165252,111.60493827160495,984,0.315028901734104,0.3870967741935484,0.3225806451612903,0.23809523809523808,14,11,3,2,8,1,1,2,10,0.7142857142857143,70,24,46,0
"Kevin Durant","PHX",62,2265,-37,118.03667745415318,119.32409012131717,1518,0.22596153846153846,0.38461538461538464,0.24257425742574257,0.14772727272727273,77,70,7,24,43,3,2,5,43,0.5584415584415584,50,15,35,0
"Stephen Curry","GSW",70,2252,299,120.45502870508186,115.49720189410245,1509,0.2792207792207792,0.39285714285714285,0.3983050847457627,0.15217391304347827,30,28,2,6,19,3,0,2,13,0.43333333333333335,80,33,47,0
"Shaedon Sharpe","POR",72,2252,-138,113.3029513888889,116.55067420617661,1199,0.28888888888888886,0.39285714285714285,0.3302752293577982,0.25,16,15,1,10,5,0,0,1,8,0.5,62,20,42,1
"De'Aaron Fox","SAS",62,2241,-69,116.23766623766625,118.22490305902627,1346,0.24324324324324326,0.4430379746835443,0.3333333333333333,0.17647058823529413,25,18,7,6,12,0,4,3,15,0.6,91,49,42,0
"Jalen Williams","OKC",69,2237,456,118.47269624573379,109.1181506849315,1361,0.2714285714285714,0.23157894736842105,0.27722772277227725,0.1724137931034483,46,46,0,25,19,2,0,0,26,0.5652173913043478,111,54,57,3
"Donovan Mitchell","CLE",71,2232,522,122.9076790336497,112.08315288003465,1559,0.2924281984334204,0.3333333333333333,0.31851851851851853,0.1919191919191919,17,17,0,14,3,0,0,0,10,0.5882352941176471,95,31,64,0
"Harrison Barnes","SAS",82,2228,-26,116.77984665936474,118.3083038869258,889,0.2727272727272727,0.40298507462686567,0.3620689655172414,0.2,14,14,0,11,3,0,0,0,11,0.7857142857142857,39,12,27,0
"Julius Randle","MIN",69,2226,166,117.63652641002686,113.99776035834267,1098,0.23,0.40229885057471265,0.2981366459627329,0.11538461538461539,16,16,0,12,4,0,0,0,8,0.5,47,15,32,1
"Amen Thompson","HOU",69,2225,268,116.96191319751993,110.83112290008842,818,0.3559322033898305,0.36,0.37142857142857144,0.3939393939393939,89,86,3,41,39,6,2,1,55,0.6179775280898876,97,48,49,4
"Jaren Jackson Jr.","MEM",74,2207,331,118.66525423728812,112.05613438230917,1488,0.2683982683982684,0.38571428571428573,0.3458904109589041,0.26666666666666666,112,112,0,61,51,0,0,0,65,0.5803571428571429,92,41,51,3
"Desmond Bane","MEM",69,2205,143,118.2453909726637,115.90279258153913,1164,0.25691699604743085,0.4074074074074074,0.38028169014084506,0.28888888888888886,28,25,3,14,11,0,1,2,20,0.7142857142857143,80,29,51,0
"Naz Reid","MIN",80,2200,342,118.61976249159757,111.1310592459605,974,0.2669039145907473,0.4605263157894737,0.2558139534883721,0.3333333333333333,72,68,4,38,28,2,2,2,46,0.6388888888888888,59,13,46,5
"Tyus Jones","PHX",81,2174,-92,115.81332125056637,118.73146246862879,763,0.2629310344827586,0.38461538461538464,0.34285714285714286,0.15,8,6,2,3,2,1,0,2,4,0.5,69,27,42,0
"Myles Turner","IND",72,2174,202,118.32284172661872,113.67924528301886,1009,0.21120689655172414,0.2857142857142857,0.21875,0.06666666666666667,144,140,4,88,51,1,3,1,77,0.5347222222222222,54,20,34,8
"Evan Mobley","CLE",71,2167,546,123.38960462016881,111.78308413300601,1119,0.3076923076923077,0.3564356435643564,0.24060150375939848,0.13333333333333333,113,112,1,60,48,4,0,1,70,0.6194690265486725,61,25,36,1
"Taurean Prince","MIL",80,2166,-22,116.33064516129032,117.0857656039515,612,0.20218579234972678,0.3170731707317073,0.34146341463414637,0.1111111111111111,15,14,1,7,6,1,0,1,5,0.3333333333333333,76,25,51,2
"Stephon Castle","SAS",81,2162,-236,114.61176997091073,119.0137716570413,1085,0.20089285714285715,0.34328358208955223,0.3237410071942446,0.11320754716981132,22,20,2,11,9,0,1,1,12,0.5454545454545454,74,25,49,0
"Deni Avdija","POR",72,2161,-78,115.37066424846974,116.79475587703435,1032,0.2830188679245283,0.49107142857142855,0.47368421052631576,0.42857142857142855,35,35,0,21,14,0,0,0,24,0.6857142857142857,71,14,57,1
"Jaylen Brown","BOS",63,2158,402,122.82832913133164,113.79706152433424,1261,0.3025210084033613,0.3917525773195876,0.34831460674157305,0.2125,19,18,1,11,6,1,0,1,12,0.631578947368421,73,32,41,1
"Tim Hardaway Jr.","DET",77,2153,25,116.35092467298149,116.47005444646098,749,0.24825174825174826,0.43478260869565216,0.3469387755102041,0.19047619047619047,7,5,2,4,1,0,1,1,3,0.42857142857142855,38,11,27,0
"Bennedict Mathurin","IND",72,2149,94,116.78305924757828,114.15115496748149,1034,0.2702702702702703,0.39285714285714285,0.30612244897959184,0.1111111111111111,24,24,0,18,6,0,0,0,13,0.5416666666666666,47,18,29,1
"Spencer Dinwiddie","DAL",79,2136,-220,112.82051282051282,117.62573629361124,811,0.14423076923076922,0.32653061224489793,0.2636363636363636,0.2777777777777778,17,14,3,8,6,0,1,2,6,0.35294117647058826,70,19,51,0
"Scottie Barnes","TOR",65,2134,-130,110.43360433604336,113.06306306306307,1128,0.23979591836734693,0.41836734693877553,0.3036649214659686,0.18823529411764706,63,56,7,40,16,0,2,5,34,0.5396825396825397,93,37,56,5
"Max Christie","DAL",78,2127,-83,115.53398058252428,116.42988084326306,691,0.26455026455026454,0.3333333333333333,0.37662337662337664,0.2727272727272727,31,28,3,12,14,2,1,2,19,0.6129032258064516,64,17,47,0
"Josh Giddey","CHI",70,2117,-68,115.71111111111111,116.78104936905025,913,0.21052631578947367,0.3177570093457944,0.336,0.21052631578947367,45,42,3,23,19,0,2,1,24,0.5333333333333333,84,37,47,0
"Fred VanVleet","HOU",60,2113,264,117.02378149281846,111.17410819749587,767,0.33098591549295775,0.5652173913043478,0.43103448275862066,0.32786885245901637,25,25,0,9,15,1,0,0,14,0.56,94,50,44,0
"Keyonte George","UTA",67,2108,-512,112.18842899611252,123.64217252396166,1032,0.28307692307692306,0.3333333333333333,0.4066666666666667,0.20588235294117646,9,8,1,4,4,0,0,1,2,0.2222222222222222,46,8,38,0
"Dennis Schröder","BKN",75,2106,-68,114.85634197617378,116.58091674462115,896,0.28193832599118945,0.3181818181818182,0.325,0.3220338983050847,12,12,0,1,11,0,0,0,9,0.75,66,23,43,0
"Damian Lillard","MIL",58,2093,53,117.15867158671587,116.74407803065489,1366,0.16720257234726688,0.358974358974359,0.34375,0.14473684210526316,10,9,1,3,6,0,0,1,8,0.8,70,31,39,0
"Russell Westbrook","DEN",75,2092,-24,118.71011850501367,118.23316764572978,879,0.27319587628865977,0.35964912280701755,0.30927835051546393,0.17777777777777778,37,34,3,18,16,0,0,3,16,0.43243243243243246,106,48,58,1
"Kelly Oubre Jr.","PHI",60,2078,-258,112.74767247553115,118.22929029195348,781,0.21686746987951808,0.43617021276595747,0.2857142857142857,0.125,30,24,6,16,8,0,2,4,11,0.36666666666666664,92,56,36,0
"Luguentz Dort","OKC",71,2073,546,122.07311429893568,109.26310926310927,613,0.2510460251046025,0.35,0.32432432432432434,0.3076923076923077,39,37,2,18,19,0,0,2,29,0.7435897435897436,79,38,41,0
"Nickeil Alexander-Walker","MIN",82,2073,270,118.00382043935052,110.86853345989559,690,0.26146788990825687,0.30952380952380953,0.24561403508771928,0.15384615384615385,34,33,1,14,19,0,0,1,22,0.6470588235294118,50,18,32,0
"Onyeka Okongwu","ATL",74,2064,40,117.01837985023826,116.11073292489222,786,0.2391304347826087,0.33636363636363636,0.15,0,67,66,1,35,30,1,1,0,41,0.6119402985074627,69,29,40,0
"Malik Monk","SAC",65,2054,116,119.20187793427229,116.83541323287027,1040,0.22382671480144403,0.38571428571428573,0.3416666666666667,0.225,38,31,7,12,17,2,3,4,21,0.5526315789473685,61,22,39,0
"Jaylen Wells","MEM",79,2043,187,118.94930029823352,114.63302752293578,700,0.28286852589641437,0.5588235294117647,0.5507246376811594,0.3548387096774194,8,8,0,4,4,0,0,0,5,0.625,44,14,30,0
"Jalen Duren","DET",78,2035,36,117.92183031458532,116.75778464463988,648,0,0.3684210526315789,0.2962962962962963,0,89,86,3,53,31,2,0,3,59,0.6629213483146067,54,23,31,6
"Jalen Wilson","BKN",79,2031,-262,109.65174129353233,116.16915422885572,638,0.32489451476793246,0.38181818181818183,0.25,0.4,5,4,1,1,3,0,0,1,2,0.4,40,11,29,0
"Miles Bridges","CHA",64,2029,-259,109.87299305056315,116.24670026397888,1113,0.23825503355704697,0.38738738738738737,0.3275862068965517,0.28,45,43,2,20,21,2,1,1,24,0.5333333333333333,44,13,31,3
"Davion Mitchell","MIA",74,2027,-3,113.25655476598872,113.3578431372549,553,0.226890756302521,0.28125,0.23404255319148937,0.3333333333333333,16,14,2,8,5,1,1,1,7,0.4375,72,34,38,0
"Franz Wagner","ORL",60,2023,250,113.99554124349766,108.09736711376055,1324,0.2918454935622318,0.330188679245283,0.3832599118942731,0.21951219512195122,21,18,3,8,10,0,1,2,10,0.47619047619047616,75,34,41,0
"Quentin Grimes","PHI",75,2013,-261,114.56616577799322,120.86261206687665,976,0.24206349206349206,0.29577464788732394,0.3333333333333333,0.2962962962962963,22,20,2,8,12,0,0,2,11,0.5,74,38,36,0
"Jordan Poole","WAS",68,2001,-558,106.437265917603,120.51463644948065,1307,0.20107238605898123,0.38571428571428573,0.3627450980392157,0.1794871794871795,27,23,4,7,16,0,2,2,16,0.5925925925925926,86,19,67,0
"Devin Vassell","SAS",64,1983,-262,113.60643745427944,120.22966039579771,959,0.24615384615384617,0.42105263157894735,0.2903225806451613,0.2571428571428571,33,32,1,20,10,2,0,1,18,0.5454545454545454,84,16,68,5
"Draymond Green","GSW",68,1983,272,118.42040716212901,111.58461915258388,560,0.21604938271604937,0.33962264150943394,0.28125,0,71,56,15,17,39,0,5,10,41,0.5774647887323944,99,37,62,0
"Klay Thompson","DAL",72,1965,-81,115.49925484351715,117.54037267080746,896,0.18154761904761904,0.3181818181818182,0.3150684931506849,0.12195121951219512,30,29,1,10,17,2,1,0,19,0.6333333333333333,50,14,36,0
"Tyrese Maxey","PHI",52,1960,-124,115.39430587049635,119.36056838365899,1273,0.26384364820846906,0.33070866141732286,0.2926829268292683,0.10810810810810811,21,20,1,5,13,2,0,1,6,0.2857142857142857,91,35,56,0
"Norman Powell","LAC",60,1958,352,117.83932135728543,109.11133300049924,1200,0.24166666666666667,0.4578313253012048,0.3162393162393162,0.3333333333333333,9,6,3,1,4,1,3,0,6,0.6666666666666666,73,28,45,0
"Yves Missi","NOP",73,1956,-514,110.03260596940056,123.10977141421752,448,0,0.34615384615384615,0.24193548387096775,0,98,98,0,69,29,0,0,0,57,0.5816326530612245,37,18,19,16
"Keon Ellis","SAC",80,1948,64,119.2090395480226,116.22239146991622,603,0.26704545454545453,0.38461538461538464,0.25,0.15384615384615385,63,54,9,19,32,3,2,7,35,0.5555555555555556,121,52,69,0
"Bilal Coulibaly","WAS",59,1948,-587,106.45239834429023,120.18904507998062,653,0.175,0.3389830508474576,0.3939393939393939,0.3,41,38,3,21,16,1,1,2,22,0.5365853658536586,78,23,55,0
"Kyle Kuzma","MIL",65,1936,-419,108.43195266272188,118.61610440778134,889,0.215311004784689,0.3188405797101449,0.25806451612903225,0.20588235294117646,19,18,1,8,10,0,0,1,8,0.42105263157894735,36,11,25,1
"Julian Champagnie","SAS",82,1932,-67,114.87357461576597,116.91121611539418,728,0.22333333333333333,0.391304347826087,0.2727272727272727,0.2857142857142857,35,32,3,18,14,0,2,1,18,0.5142857142857142,61,20,41,3
"Keon Johnson","BKN",79,1925,-423,106.43910007757951,117.16572018585441,766,0.20610687022900764,0.38613861386138615,0.425,0.3125,30,29,1,17,12,0,0,1,13,0.43333333333333335,82,33,49,7
"Naji Marshall","DAL",69,1919,-137,114.14831688180207,117.0528967254408,799,0.2112676056338028,0.18333333333333332,0.27049180327868855,0,11,11,0,6,5,0,0,0,4,0.36363636363636365,70,31,39,1
"Guerschon Yabusele","PHI",70,1896,-119,115.84815503052826,118.9755838641189,678,0.12048192771084337,0.21311475409836064,0.21428571428571427,0.2857142857142857,24,24,0,14,8,2,0,0,13,0.5416666666666666,58,25,33,1
"Jrue Holiday","BOS",62,1896,339,118.5473411154345,109.66822187662001,623,0.18686868686868688,0.3684210526315789,0.29850746268656714,0.38461538461538464,27,25,2,10,14,1,0,2,12,0.4444444444444444,66,27,39,0
"Gary Trent Jr.","MIL",74,1893,70,118.6340206185567,116.98064516129033,753,0.21774193548387097,0.48148148148148145,0.37777777777777777,0.22916666666666666,5,5,0,2,3,0,0,0,1,0.2,72,42,30,0
"Josh Green","CHA",68,1887,-364,107.56237006237006,117.02182952182953,434,0.28,0.22857142857142856,0.23076923076923078,0.26666666666666666,15,13,2,8,3,2,0,2,7,0.4666666666666667,74,38,36,0
"Anthony Black","ORL",78,1887,-40,108.96717373899119,109.39241178031308,665,0.2682926829268293,0.34065934065934067,0.4074074074074074,0.20833333333333334,48,39,9,22,15,2,2,7,30,0.625,86,33,53,0
"Andrew Nembhard","IND",65,1881,206,117.94079794079794,112.40688415104033,618,0.16379310344827586,0.37142857142857144,0.1794871794871795,0.20754716981132076,11,9,2,3,6,0,1,1,5,0.45454545454545453,79,29,50,0
"Nic Claxton","BKN",70,1880,-489,106.2449528936743,118.99141630901288,575,0.23076923076923078,0.3068181818181818,0.264,0.3125,100,92,8,61,31,0,3,5,61,0.61,62,22,40,21
"Cason Wallace","OKC",68,1876,370,119.38880328710837,109.52137189659585,486,0.27906976744186046,0.41509433962264153,0.3770491803278688,0.3333333333333333,35,26,9,12,12,2,3,6,18,0.5142857142857142,120,64,56,0
"Derrick Jones Jr.","LAC",77,1873,249,117.70724029380904,111.17523609653726,673,0.1510791366906475,0.4605263157894737,0.40350877192982454,0,33,30,3,11,16,3,1,2,14,0.42424242424242425,79,21,58,2
"RJ Barrett","TOR",58,1869,-142,112.35955056179776,115.89691247767288,1098,0.24210526315789474,0.34394904458598724,0.33986928104575165,0.09090909090909091,17,16,1,11,5,0,1,0,10,0.5882352941176471,46,19,27,0
"Rui Hachimura","LAL",59,1869,158,117.42804330604702,113.04691618344755,686,0.30344827586206896,0.3584905660377358,0.29508196721311475,0.18181818181818182,26,26,0,14,12,0,0,0,22,0.8461538461538461,45,13,32,3
"Buddy Hield","GSW",82,1864,140,114.94671172342085,113.43046357615894,806,0.26409495548961426,0.3783783783783784,0.3181818181818182,0.2857142857142857,23,23,0,8,15,0,0,0,10,0.43478260869565216,69,30,39,0
"Trey Murphy III","NOP",53,1854,-384,110.86451612903225,121.40077821011674,1009,0.26714801444043323,0.3333333333333333,0.3684210526315789,0.3157894736842105,39,38,1,24,13,1,0,1,22,0.5641025641025641,56,20,36,1
"Zaccharie Risacher","ATL",75,1843,-123,114.4927536231884,117.65005086469989,831,0.21818181818181817,0.35,0.44047619047619047,0.1875,37,37,0,22,13,2,0,0,14,0.3783783783783784,52,18,34,0
"Andrew Wiggins","MIA",60,1842,-100,111.45971816006382,113.93681975046455,960,0.17757009345794392,0.48717948717948717,0.38596491228070173,0.3125,50,40,10,12,27,1,3,7,29,0.58,60,25,35,2
"Isaiah Collier","UTA",71,1839,-403,111.05015673981191,121.41925384816072,576,0.23478260869565218,0.4482758620689655,0.375,0.18181818181818182,16,14,2,6,7,1,0,2,9,0.5625,66,27,39,0
"Keldon Johnson","SAS",77,1838,-217,112.74535461920964,118.70409233997903,844,0.29213483146067415,0.47115384615384615,0.33663366336633666,0.16666666666666666,22,21,1,11,10,0,0,1,11,0.5,49,13,36,0
"Royce O'Neale","PHX",75,1837,-155,115.28781793842035,118.70675891431613,607,0.20242914979757085,0.5,0.3888888888888889,0.2,34,34,0,12,20,2,0,0,18,0.5294117647058824,67,18,49,1
"P.J. Washington","DAL",57,1835,49,116.70606776989756,115.35836177474401,733,0.2925170068027211,0.5161290322580645,0.4028776978417266,0.06666666666666667,60,57,3,39,18,0,1,2,35,0.5833333333333334,63,17,46,2
"CJ McCollum","NOP",56,1832,-278,114.0571728297928,122.2457067371202,1077,0.2771929824561403,0.35714285714285715,0.32608695652173914,0.18181818181818182,24,22,2,8,12,2,0,2,14,0.5833333333333334,46,18,28,0
"Dorian Finney-Smith","LAL",63,1821,310,121.7511013215859,113.12242090784044,476,0.24157303370786518,0.4117647058823529,0.3888888888888889,1,23,21,2,15,6,0,2,0,12,0.5217391304347826,58,23,35,1
"Haywood Highsmith","MIA",74,1818,61,114.45214979195562,112.16887417218543,402,0.2097902097902098,0.3225806451612903,0.2727272727272727,0.5,37,32,5,9,23,0,1,4,18,0.4864864864864865,68,26,42,1
"Alex Sarr","WAS",67,1814,-547,105.11821252273317,118.80496637351268,724,0.18376068376068377,0.37681159420289856,0.22941176470588234,0.12,101,101,0,51,50,0,0,0,67,0.6633663366336634,44,9,35,8
"Kyrie Irving","DAL",50,1804,124,118.68072452014057,115.92391304347827,1104,0.2985781990521327,0.32786885245901637,0.3202614379084967,0.30303030303030304,23,22,1,9,13,0,0,1,14,0.6086956521739131,66,40,26,0
"Kyshawn George","WAS",68,1802,-361,108.48404255319149,118.1165203511572,551,0.2413793103448276,0.40425531914893614,0.29545454545454547,0.09090909090909091,50,46,4,15,30,1,0,4,29,0.58,68,26,42,0
"Cameron Johnson","BKN",57,1800,-200,113.07499303038752,119.21568627450979,980,0.2190082644628099,0.4318181818181818,0.24561403508771928,0.25,25,22,3,10,12,0,1,2,11,0.44,53,15,38,1
"Duncan Robinson","MIA",74,1786,66,112.76238455079766,112.07579185520362,757,0.24210526315789474,0.2727272727272727,0.28888888888888886,0,6,6,0,2,3,1,0,0,3,0.5,40,11,29,0
"Kris Dunn","LAC",74,1783,262,115.94564614531336,108.31951354339414,437,0.1554054054054054,0.2962962962962963,0.3114754098360656,0,27,27,0,8,17,2,0,0,14,0.5185185185185185,128,47,81,0
"Luka Dončić","LAL",50,1769,345,121.35016465422613,112.87375415282393,1277,0.296551724137931,0.45652173913043476,0.22388059701492538,0.11688311688311688,21,19,2,6,12,1,1,1,13,0.6190476190476191,89,27,62,1
"Scoot Henderson","POR",66,1759,-37,114.73017621145374,116.06847045831033,764,0.2967032967032967,0.43956043956043955,0.4,0.1875,13,12,1,7,4,1,0,1,6,0.46153846153846156,68,29,39,0
"Wendell Carter Jr.","ORL",68,1758,-16,110.05169442848937,109.81735159817352,474,0.26666666666666666,0.24074074074074073,0.22807017543859648,0.12903225806451613,41,40,1,24,15,1,0,1,25,0.6097560975609756,52,26,26,1
"Collin Sexton","UTA",63,1758,-286,113.12154696132596,120.25802909689816,1053,0.24203821656050956,0.5074626865671642,0.3942857142857143,0.1702127659574468,6,5,1,3,2,0,0,1,3,0.5,47,16,31,0
"Mike Conley","MIN",71,1756,265,118.05002842524162,111.49985661026672,512,0.22777777777777777,0.34615384615384615,0.47368421052631576,0.07142857142857142,14,13,1,5,7,1,1,0,9,0.6428571428571429,79,35,44,0
"Amir Coffey","LAC",72,1748,-66,111.22102882984737,113.11846197342382,612,0.24113475177304963,0.4,0.2962962962962963,0.12903225806451613,7,7,0,3,4,0,0,0,4,0.5714285714285714,40,23,17,0
"Jimmy Butler","GSW",55,1746,250,118.81750994883457,112.06159110350727,846,0.27692307692307694,0.41333333333333333,0.4260869565217391,0.25806451612903225,18,16,2,10,6,0,1,1,11,0.6111111111111112,77,27,50,1
"Aaron Wiggins","OKC",76,1744,514,123.13844456701601,109.65861781848459,793,0.2376237623762376,0.33783783783783783,0.2597402597402597,0.08333333333333333,18,18,0,14,4,0,0,0,9,0.5,60,17,43,0
"Walker Kessler","UTA",58,1740,-329,111.2597547380156,120.26161981630949,401,0.14814814814814814,0.375,0.2857142857142857,0,138,129,9,58,65,6,2,7,90,0.6521739130434783,35,12,23,9
"De'Andre Hunter","CLE",64,1740,88,118.64908503767494,116.03114930182599,1000,0.2645739910313901,0.32075471698113206,0.375,0.3103448275862069,13,10,3,6,4,0,1,2,9,0.6923076923076923,50,20,30,0
"Ochai Agbaji","TOR",64,1739,-214,108.595909342178,114.35274634280984,587,0.2,0.4266666666666667,0.3055555555555556,0.6,30,30,0,22,8,0,0,0,17,0.5666666666666667,58,15,43,0
"Brandin Podziemski","GSW",64,1716,260,114.99713795077277,107.67908309455588,652,0.22099447513812154,0.2727272727272727,0.3076923076923077,0.16216216216216217,13,11,2,2,9,0,1,1,7,0.5384615384615384,69,25,44,0
"Jabari Smith Jr.","HOU",57,1716,250,115.7277666571347,108.57878181298256,554,0.33146067415730335,0.5116279069767442,0.21052631578947367,0.15789473684210525,41,40,1,24,16,0,0,1,27,0.6585365853658537,25,14,11,3
"Anthony Davis","DAL",51,1706,25,115.47826086956522,114.68713789107763,1094,0.11627906976744186,0.3111111111111111,0.1781609195402299,0.18072289156626506,110,105,5,47,55,3,2,3,71,0.6454545454545455,59,20,39,1
"Bradley Beal","PHX",53,1702,-273,113.35833814195038,121.02534562211981,827,0.2356687898089172,0.3235294117647059,0.17045454545454544,0.21311475409836064,28,24,4,8,14,2,1,3,18,0.6428571428571429,58,23,35,0
"Georges Niang","ATL",79,1697,194,121.55536770921385,117.01221243964783,724,0.22083333333333333,0.38235294117647056,0.4423076923076923,0.25,14,14,0,8,6,0,0,0,5,0.35714285714285715,28,14,14,0
"Jakob Poeltl","TOR",57,1686,-37,113.61677678827922,114.02456441016852,627,0,0.37037037037037035,0.226890756302521,0.3333333333333333,71,71,0,39,31,1,0,0,44,0.6197183098591549,66,16,50,0
"Scotty Pippen Jr.","MEM",79,1683,44,114.65661641541038,112.17559359469907,697,0.272,0.3013698630136986,0.3548387096774194,0.3333333333333333,30,26,4,5,20,1,2,2,19,0.6333333333333333,103,58,45,0
"Kevin Huerter","CHI",69,1679,104,116.78062678062678,114.11025421308199,595,0.27058823529411763,0.3333333333333333,0.37777777777777777,0.125,23,23,0,4,16,3,0,0,15,0.6521739130434783,66,18,48,0
"Santi Aldama","MEM",65,1660,150,118.68531468531468,114.84287317620651,691,0.22885572139303484,0.5365853658536586,0.5,0.1111111111111111,29,28,1,15,12,1,0,1,17,0.5862068965517241,52,12,40,2
"AJ Green","MIL",73,1659,227,116.16014026884864,110.13811342932706,498,0.125,0,0.3333333333333333,0.18181818181818182,7,6,1,2,4,0,0,1,3,0.42857142857142855,37,20,17,0
"Al Horford","BOS",60,1659,397,122.42736077481841,110.61249241964828,486,0.2878787878787879,0.4782608695652174,0.34285714285714286,0.375,51,40,11,20,16,4,4,7,31,0.6078431372549019,36,10,26,1
"Terry Rozier","MIA",64,1658,-141,109.88978254393804,114.36249626754254,610,0.20095693779904306,0.25,0.27710843373493976,0.11538461538461539,14,13,1,5,8,0,0,1,10,0.7142857142857143,37,6,31,0
"Peyton Watson","DEN",68,1657,-29,117.56557618626584,116.1607400982943,500,0.27586206896551724,0.37681159420289856,0.2857142857142857,0.2,93,76,17,46,26,4,7,10,47,0.5053763440860215,48,16,32,5
"Moses Moody","GSW",74,1649,130,116.66169005673335,111.54754873006497,625,0.2822966507177033,0.41935483870967744,0.25396825396825395,0.3076923076923077,31,27,4,8,17,2,1,3,23,0.7419354838709677,59,26,33,0
"Tristan da Silva","ORL",74,1629,-127,108.74027993779161,112.62045383898041,461,0.2611464968152866,0.4528301886792453,0.41818181818181815,0.3125,18,15,3,6,9,0,0,3,8,0.4444444444444444,33,8,25,0
"Donte DiVincenzo","MIN",62,1606,174,117.56756756756756,111.23287671232876,670,0.23529411764705882,0.32432432432432434,0.23684210526315788,0,17,17,0,10,7,0,0,0,11,0.6470588235294118,73,27,46,0
"Isaiah Joe","OKC",74,1604,550,122.55751419181357,107.5386012715713,684,0.2767527675276753,0.36363636363636365,0.2,0.1111111111111111,9,9,0,5,4,0,0,0,2,0.2222222222222222,48,24,24,0
"Corey Kispert","WAS",61,1602,-274,111.07802263251936,120.3125,628,0.215,0.2682926829268293,0.34545454545454546,0.3333333333333333,14,14,0,10,3,1,0,0,7,0.5,26,12,14,1
"Caris LeVert","ATL",64,1596,260,122.3796870386773,115.6938653960691,701,0.3058823529411765,0.37681159420289856,0.3220338983050847,0.07692307692307693,33,28,5,12,15,1,1,4,13,0.3939393939393939,57,23,34,0
"Miles McBride","NYK",64,1593,211,119.94996873045653,112.15965346534654,548,0.23404255319148937,0.4444444444444444,0.2553191489361702,0.29411764705882354,17,15,2,4,11,0,0,2,10,0.5882352941176471,67,24,43,0
"Isaiah Hartenstein","OKC",57,1590,417,120.56500607533414,108.45801526717557,507,0.21052631578947367,0.3090909090909091,0.18487394957983194,0.3333333333333333,62,59,3,36,23,0,1,2,41,0.6612903225806451,47,18,29,0
"Gradey Dick","TOR",54,1587,-210,112.09358857490126,118.22316555488176,682,0.32057416267942584,0.32,0.29508196721311475,0.17647058823529413,10,9,1,4,5,0,0,1,6,0.6,48,18,30,1
"Paolo Banchero","ORL",46,1582,-21,110.95238095238095,111.61904761904762,1058,0.3107344632768362,0.3291139240506329,0.2814814814814815,0.24731182795698925,28,25,3,10,15,0,2,1,22,0.7857142857142857,36,16,20,0
"Patrick Williams","CHI",63,1576,-182,111.39315230224321,115.94372801875734,500,0.20348837209302326,0.39344262295081966,0.29411764705882354,0,32,30,2,15,15,0,0,2,19,0.59375,48,25,23,3
"Obi Toppin","IND",79,1545,-80,117.04615384615384,119.50769230769231,757,0.2023121387283237,0.36363636363636365,0.25,0.2,28,25,3,12,12,1,1,2,13,0.4642857142857143,46,10,36,5
"Grayson Allen","PHX",64,1544,-79,117.90337859172718,121.74329501915709,611,0.22110552763819097,0.34615384615384615,0.2,1,19,19,0,8,11,0,0,0,11,0.5789473684210527,54,26,28,0
"Ziaire Williams","BKN",63,1541,-330,108.96596858638743,119.06310995445673,551,0.19072164948453607,0.4166666666666667,0.32432432432432434,0.3333333333333333,28,21,7,11,10,0,3,4,21,0.75,62,18,44,0
"Sam Hauser","BOS",71,1541,325,122.7618103733069,112.80771789753827,507,0.2391304347826087,0.3333333333333333,0.3333333333333333,0.125,13,11,2,4,7,0,0,2,10,0.7692307692307693,41,11,30,0
"Victor Wembanyama","SAS",46,1527,102,115.77266922094508,112.80409731113957,987,0.21031746031746032,0.3877551020408163,0.2608695652173913,0.15151515151515152,176,165,11,103,55,7,3,8,116,0.6590909090909091,52,15,37,8
"Gabe Vincent","LAL",72,1525,46,114.49228791773778,113.52485474499677,417,0.21354166666666666,0.5333333333333333,0.4,0.4166666666666667,13,13,0,2,11,0,0,0,6,0.46153846153846156,51,23,28,0
"Jonas Valančiūnas","SAC",81,1524,-304,112.08931419457734,122.25424271533781,598,0.13793103448275862,0.5180722891566265,0.16666666666666666,0.125,46,46,0,18,28,0,0,0,29,0.6304347826086957,37,12,25,2
"Jerami Grant","POR",47,1524,-202,109.30604413175568,115.80294305822136,612,0.33695652173913043,0.34177215189873417,0.3125,0.41379310344827586,46,37,9,23,14,0,1,8,28,0.6086956521739131,41,21,20,2
"Kyle Filipowski","UTA",72,1522,-366,110.48973143759873,121.63098236775818,597,0.2536231884057971,0.4,0.3728813559322034,0.3333333333333333,22,22,0,12,10,0,0,0,13,0.5909090909090909,48,10,38,3
"Ja Morant","MEM",50,1519,226,118.6471663619744,112.61897451642616,1075,0.2857142857142857,0.3645833333333333,0.3532934131736527,0.13043478260869565,12,12,0,8,4,0,0,0,6,0.5,61,28,33,3
"Matas Buzelis","CHI",80,1511,-35,113.01138111350355,114.54601605929585,621,0.2485207100591716,0.3855421686746988,0.38095238095238093,0.16666666666666666,75,72,3,45,26,1,2,1,48,0.64,29,9,20,2
"LaMelo Ball","CHA",47,1505,-130,114.80411046885035,119.7092084006462,1050,0.30678466076696165,0.4074074074074074,0.3805970149253731,0.26666666666666666,13,12,1,7,4,1,1,0,7,0.5384615384615384,54,15,39,0
"Dalton Knecht","LAL",78,1494,-73,115.53463349024882,117.63325511230306,626,0.2,0.375,0.3404255319148936,0.2,8,7,1,4,3,0,0,1,3,0.375,24,4,20,0
"Kevin Porter Jr.","MIL",75,1482,27,111.92994051553205,110.48997040447222,720,0.22608695652173913,0.2549019607843137,0.22115384615384615,0.21794871794871795,13,10,3,5,5,0,1,2,9,0.6923076923076923,81,31,50,1
"D'Angelo Russell","BKN",58,1481,0,113.12728481222997,114.49714093508241,654,0.2320675105485232,0.43333333333333335,0.1875,0.2,23,19,4,8,11,0,2,2,8,0.34782608695652173,56,16,40,0
"Lauri Markkanen","UTA",47,1476,-186,113.77734247469802,119.9281280627246,770,0.2702702702702703,0.375,0.3150684931506849,0.45,17,17,0,10,7,0,0,0,5,0.29411764705882354,33,8,25,3
"Luke Kennard","MEM",65,1472,122,120.69952305246423,117.30523627075351,495,0.23809523809523808,0.2727272727272727,0.4634146341463415,0.4090909090909091,5,5,0,1,4,0,0,0,1,0.2,50,15,35,0
"Jamal Shead","TOR",75,1467,-234,108.52254030931228,116.06966809069996,486,0.2986111111111111,0.3488372093023256,0.3409090909090909,0.47058823529411764,10,8,2,2,6,0,1,1,5,0.5,58,17,41,0
"Aaron Gordon","DEN",51,1447,301,124.85049833887042,115.34868201534869,653,0.17708333333333334,0.6133333333333333,0.36363636363636365,0.35294117647058826,14,13,1,7,6,0,0,1,7,0.5,23,5,18,0
"Isaiah Stewart","DET",72,1434,8,112.49575551782682,111.9579945799458,320,0.1388888888888889,0.40350877192982454,0.21428571428571427,0,101,100,1,56,43,1,0,1,63,0.6237623762376238,28,11,17,9
"Brice Sensabaugh","UTA",71,1432,-285,111.92599933927981,121.98605114579874,678,0.26666666666666666,0.5652173913043478,0.2923076923076923,0.15789473684210525,8,8,0,5,3,0,0,0,5,0.625,46,21,25,0
"Goga Bitadze","ORL",70,1430,82,112.4552612741589,109.75609756097562,339,0.18181818181818182,0.5303030303030303,0.23529411764705882,0.2857142857142857,98,97,1,45,50,2,0,1,65,0.6632653061224489,49,21,28,17
"Kel'el Ware","MIA",64,1422,39,115.69317382125263,113.48236115962278,479,0.16901408450704225,0.2878787878787879,0.15384615384615385,0.2,71,70,1,38,32,0,1,0,37,0.5211267605633803,39,8,31,11
"Tari Eason","HOU",57,1420,147,117.8326474622771,112.44444444444444,527,0.27586206896551724,0.4230769230769231,0.4264705882352941,0.5333333333333333,50,48,2,21,26,1,1,1,33,0.66,97,46,51,1
"Zach Edey","MEM",66,1416,164,120.4629319020463,114.42404006677796,414,0.29411764705882354,0.4666666666666667,0.32051282051282054,0,85,82,3,37,43,2,2,1,51,0.6,36,11,25,1
"T.J. McConnell","IND",79,1415,-56,115.50965120216728,116.49865591397848,690,0.06451612903225806,0.3188405797101449,0.23026315789473684,0.20512820512820512,21,20,1,6,14,0,0,1,8,0.38095238095238093,83,25,58,0
"Terance Mann","ATL",67,1414,-95,115.92334494773519,117.67537826685007,459,0.31,0.2,0.3958333333333333,0,15,14,1,7,7,0,0,1,10,0.6666666666666666,47,21,26,0
"Ryan Dunn","PHX",74,1410,-169,114.54283657307415,118.11772999647515,427,0.2696629213483146,0.35714285714285715,0.46153846153846156,0.125,40,37,3,19,17,1,1,2,21,0.525,44,17,27,4
"Sam Merrill","CLE",71,1401,321,120.33195020746888,109.72559916637722,458,0.2290748898678414,0.2727272727272727,0,0.5,14,11,3,7,4,0,2,1,6,0.42857142857142855,53,16,37,0
"Ayo Dosunmu","CHI",46,1394,-234,113.00675675675676,120.22169969768223,519,0.18110236220472442,0.3387096774193548,0.32142857142857145,0.6666666666666666,18,18,0,10,8,0,0,0,7,0.3888888888888889,43,14,29,3
"Ty Jerome","CLE",70,1393,302,122.65840220385675,113.27310632383599,765,0.27205882352941174,0.40476190476190477,0.36633663366336633,0.2857142857142857,3,3,0,2,1,0,0,0,2,0.6666666666666666,78,40,38,0
"Julian Strawther","DEN",65,1384,-71,114.74048442906575,116.95441988950276,551,0.23699421965317918,0.4,0.2786885245901639,0.4444444444444444,16,13,3,5,8,0,0,3,10,0.625,39,18,21,0
"Nick Smith Jr.","CHA",60,1369,-398,103.89285714285714,118.9568345323741,517,0.24623115577889448,0.21052631578947367,0.29213483146067415,0.18181818181818182,6,5,1,2,2,1,0,1,1,0.16666666666666666,17,6,11,0
"Jaime Jaquez Jr.","MIA",66,1368,-152,110.91370558375635,116.55172413793103,510,0.2727272727272727,0.40540540540540543,0.2976190476190476,0,14,13,1,8,5,0,1,0,10,0.7142857142857143,61,22,39,1
"Jeremy Sochan","SAS",54,1367,-93,114.45783132530121,117.08949964763919,516,0.24193548387096775,0.32967032967032966,0.4423076923076923,0.125,27,25,2,17,8,0,0,2,15,0.5555555555555556,45,16,29,4
"Nicolas Batum","LAC",78,1367,152,113.56421356421357,107.76978417266187,289,0.18018018018018017,0.2222222222222222,0.5,0,36,30,6,13,17,0,2,4,25,0.6944444444444444,52,12,40,1
"Jose Alvarado","NOP",56,1366,-232,110.6810035842294,120.11577424023154,538,0.30569948186528495,0.5,0.23943661971830985,0.375,14,12,2,2,8,2,1,1,8,0.5714285714285714,74,30,44,0
"Luke Kornet","BOS",73,1361,401,124.45200302343159,109.42111237230421,286,0,0.43333333333333335,0.26666666666666666,0,71,64,7,27,36,1,4,3,50,0.704225352112676,36,8,28,2
"Trey Lyles","SAC",69,1349,-70,114.98717478930011,117.12303760496532,369,0.20261437908496732,0.34375,0.2727272727272727,0,23,22,1,9,13,0,1,0,13,0.5652173913043478,41,17,24,5
"Jake LaRavia","SAC",66,1349,126,118.48591549295776,113.72893258426966,396,0.3037974683544304,0.4166666666666667,0.4528301886792453,0.4,23,16,7,8,6,2,3,4,10,0.43478260869565216,62,29,33,0
"Bogdan Bogdanović","LAC",54,1348,106,115.44802867383513,112.69898697539797,516,0.24157303370786518,0.45161290322580644,0.26,0.25,11,10,1,7,3,0,1,0,6,0.5454545454545454,41,17,24,0
"Justin Champagnie","WAS",62,1340,-288,109.97854077253218,119.25531914893617,438,0.21739130434782608,0.4146341463414634,0.3157894736842105,0.3333333333333333,39,35,4,19,15,1,1,3,21,0.5384615384615384,65,23,42,4
"Paul George","PHI",41,1334,-83,110.30280649926145,114.16883599851245,607,0.23952095808383234,0.23809523809523808,0.3064516129032258,0.11428571428571428,20,17,3,10,6,1,1,2,13,0.65,75,29,46,1
"Ausar Thompson","DET",59,1328,67,116.10909090909091,112.28448275862068,500,0.3125,0.3695652173913043,0.3125,0.5,40,34,6,18,16,0,3,3,19,0.475,98,42,56,2
"Donovan Clingan","POR",67,1324,-1,112.58690084156605,112.45889660211911,266,0.11764705882352941,0.43529411764705883,0.25806451612903225,0.5,110,101,9,45,52,4,2,7,65,0.5909090909090909,34,10,24,4
"Jordan Hawkins","NOP",56,1321,-315,108.91089108910892,121.3968957871397,536,0.2876712328767123,0.36,0.3,0.14285714285714285,23,22,1,16,5,1,0,1,17,0.7391304347826086,30,11,19,3
"Tyrese Martin","BKN",60,1315,-258,106.79648720885834,116.15969581749049,462,0.2742857142857143,0.43478260869565216,0.38596491228070173,0.3333333333333333,9,8,1,6,2,0,0,1,7,0.7777777777777778,34,14,20,0
"Mason Plumlee","PHX",74,1300,52,119.12154486936767,118.36266258607498,254,0,0.375,0.24242424242424243,0,47,46,1,21,25,0,0,1,32,0.6808510638297872,33,14,19,1
"Jonathan Mogbo","TOR",63,1286,-241,106.04026845637584,115.4565868263473,326,0.1956521739130435,0.33766233766233766,0.4,0.2,34,28,6,12,16,0,0,6,14,0.4117647058823529,55,27,28,1
"Jalen Johnson","ATL",36,1284,55,114.6393972012917,112.8684399712437,582,0.18478260869565216,0.4666666666666667,0.297029702970297,0.36363636363636365,36,33,3,22,11,0,2,1,20,0.5555555555555556,56,12,44,3
"Max Strus","CLE",50,1273,221,122.56351915054987,114.13949962092495,424,0.24571428571428572,0.2857142857142857,0.5,0,12,11,1,5,6,0,0,1,5,0.4166666666666667,26,7,19,0
"Johnny Juzang","UTA",64,1270,-357,109.4553706505295,123.37760910815939,507,0.2512820512820513,0.4444444444444444,0.25,0.13333333333333333,8,8,0,2,6,0,0,0,4,0.5,39,15,24,0
"Ronald Holland II","DET",81,1266,-55,113.21414691022153,113.76006132617862,470,0.2897196261682243,0.3584905660377358,0.3333333333333333,0.3333333333333333,17,13,4,5,7,1,2,2,7,0.4117647058823529,49,24,25,1
"Javonte Green","CLE",68,1258,-212,112.5048243921266,119.90030674846626,284,0.20212765957446807,0.3783783783783784,0.4,0.6666666666666666,31,30,1,23,6,1,0,1,18,0.5806451612903226,65,23,42,0
"Nick Richards","PHX",57,1256,-233,114.99005964214713,123.03149606299213,364,0,0.3064516129032258,0.23943661971830985,0.14285714285714285,55,55,0,30,25,0,0,0,31,0.5636363636363636,14,3,11,9
"Dean Wade","CLE",59,1252,284,123.36448598130842,111.69635941130906,273,0.26618705035971224,0.3333333333333333,0.2,0.3333333333333333,20,20,0,7,13,0,0,0,9,0.45,42,13,29,0
"Ricky Council IV","PHI",73,1250,-159,112.5098347757671,118.67138364779873,483,0.20666666666666667,0.46153846153846156,0.3114754098360656,0.5833333333333334,13,13,0,9,3,1,0,0,7,0.5384615384615384,32,13,19,0
"Tidjane Salaün","CHA",60,1244,-321,101.81159420289855,114.4118827780008,311,0.25,0.3333333333333333,0.2765957446808511,0.4,14,13,1,8,5,0,0,1,8,0.5714285714285714,29,10,19,1
"Bobby Portis","MIL",49,1244,95,116.66666666666667,113.6755485893417,566,0.10909090909090909,0.3488372093023256,0.1827956989247312,0.14925373134328357,26,24,2,13,10,1,0,2,17,0.6538461538461539,35,13,22,1
"Moussa Diabaté","CHA",71,1241,-123,109.28805237315875,113.25496554519658,293,0.6,0.3880597014925373,0.2564102564102564,1,40,38,2,26,12,0,0,2,22,0.55,46,22,24,3
"Jeremiah Robinson-Earl","NOP",66,1239,-331,109.44510035419127,121.80039138943248,316,0.18867924528301888,0.24390243902439024,0.22580645161290322,0,7,7,0,5,2,0,0,0,1,0.14285714285714285,39,13,26,1
"Simone Fontecchio","DET",75,1237,15,113.92012407910043,113.51456310679612,382,0.2413793103448276,0.28125,0.39285714285714285,0.1,12,11,1,6,5,0,1,0,9,0.75,31,10,21,2
"Cole Anthony","ORL",67,1234,-16,110.19082419813236,111.65644171779141,575,0.29545454545454547,0.3055555555555556,0.3333333333333333,0.09375,32,30,2,14,15,1,0,2,11,0.34375,45,20,25,0
"Ben Sheppard","IND",63,1228,-56,114.97053045186641,115.76086956521739,290,0.21705426356589147,0.3684210526315789,0.4666666666666667,1,14,14,0,4,9,1,0,0,7,0.5,38,13,25,0
"Daniel Gafford","DAL",57,1226,35,118.03797468354429,116.6073546856465,511,0,0.3902439024390244,0.2894736842105263,0,102,97,5,70,26,1,1,4,57,0.5588235294117647,23,12,11,11
"John Collins","UTA",40,1220,-16,114.97431845120506,115.74367088607595,630,0.2247191011235955,0.48148148148148145,0.3493975903614458,0.25,40,40,0,17,23,0,0,0,26,0.65,39,17,22,5
"Caleb Martin","DAL",45,1218,-157,109.39679934345506,115.55464592713876,311,0.1111111111111111,0.2727272727272727,0.4473684210526316,0.38235294117647056,23,18,5,9,7,2,1,4,8,0.34782608695652173,46,12,34,0
"Kristaps Porziņģis","BOS",42,1210,173,118.71463217461601,112.54071661237785,731,0.2013888888888889,0.5263157894736842,0.189873417721519,0.125,63,62,1,33,28,1,0,1,42,0.6666666666666666,31,5,26,4
"Brandon Clarke","MEM",64,1207,181,119.44768572539867,111.3251155624037,400,0,0.38235294117647056,0.22826086956521738,0,36,36,0,12,24,0,0,0,22,0.6111111111111112,52,18,34,0
"Deandre Ayton","POR",40,1206,-162,111.75990200081667,118.86018860188602,433,0.08,0.3958333333333333,0.3246753246753247,0.2,39,39,0,27,11,1,0,0,22,0.5641025641025641,31,7,24,0
"Jarace Walker","IND",75,1187,-147,109.93136859103755,114.93792551061274,423,0.1792452830188679,0.2571428571428571,0.3,0.35714285714285715,25,21,4,10,10,1,1,3,14,0.56,54,34,20,0
"Kawhi Leonard","LAC",37,1180,296,122.26944326391839,109.50360627916844,749,0.14414414414414414,0.28125,0.2608695652173913,0.19607843137254902,17,16,1,2,13,1,1,0,9,0.5294117647058824,59,23,36,0
"Clint Capela","ATL",55,1176,-79,111.55378486055777,114.47316103379723,367,0,0.36633663366336633,0.24242424242424243,0,52,52,0,36,15,1,0,0,33,0.6346153846153846,34,10,24,0
"Cody Martin","PHX",53,1173,-104,110.9674728940784,113.87973640856671,320,0.3269230769230769,0.3448275862068966,0.14814814814814814,0.21739130434782608,32,31,1,19,10,2,0,1,17,0.53125,56,21,35,0
"Mark Williams","CHA",44,1171,-302,108.58564910825383,121.51477320016646,536,0.75,0.27380952380952384,0.1411764705882353,0,54,50,4,29,20,1,3,1,27,0.5,32,9,23,10
"Precious Achiuwa","NYK",57,1170,-48,113.7462876537972,114.13634462567963,287,0.34615384615384615,0.375,0.2459016393442623,0,42,39,3,32,7,0,0,3,30,0.7142857142857143,47,19,28,3
"Justin Edwards","PHI",44,1156,-286,113.95646606914212,126.05543710021323,387,0.19834710743801653,0.5,0.3055555555555556,0.15384615384615385,16,16,0,8,7,1,0,0,9,0.5625,45,18,27,0
"Nikola Jović","MIA",46,1156,-20,111.67381974248927,113.65409622886865,459,0.25,0.39285714285714285,0.23809523809523808,0,13,13,0,8,5,0,0,0,7,0.5384615384615384,38,10,28,0
"Vít Krejčí","ATL",57,1153,-64,112.18801996672214,114.51679800912484,369,0.19469026548672566,0.5,0.29411764705882354,0,26,25,1,14,10,1,0,1,15,0.5769230769230769,36,16,20,1
"Jonathan Kuminga","GSW",47,1144,8,112.16795201371036,111.49081589064502,641,0.29,0.4489795918367347,0.3181818181818182,0.19047619047619047,21,20,1,9,10,1,0,1,15,0.7142857142857143,38,16,22,2
"Kevon Looney","GSW",76,1142,118,115.8826068191627,109.9357601713062,213,0,0.5625,0.3469387755102041,0.29411764705882354,37,35,2,12,23,0,1,1,21,0.5675675675675675,46,24,22,0
"Kenrich Williams","OKC",69,1132,329,121.47160068846817,107.26881720430107,385,0.24271844660194175,0.40625,0.3548387096774194,0.42857142857142855,10,9,1,4,3,2,0,1,5,0.5,43,9,34,0
"Aaron Nesmith","IND",45,1123,196,123.3895373973195,113.93056150878698,484,0.21621621621621623,0.40625,0.34375,0.18181818181818182,17,17,0,12,5,0,0,0,6,0.35294117647058826,35,12,23,3
"Julian Phillips","CHI",79,1123,30,116.10852055955914,114.15929203539822,303,0.24271844660194175,0.425,0.4666666666666667,0,20,19,1,12,7,0,0,1,14,0.7,38,18,20,0
"Dalano Banton","POR",67,1120,-54,112.10025929127052,114.7313691507799,511,0.3424657534246575,0.3,0.3333333333333333,0.25,34,31,3,9,20,2,0,3,18,0.5294117647058824,43,16,27,0
"Ben Simmons","LAC",51,1120,-56,114.4524236983842,116.44325290437891,222,0,0.3333333333333333,0.27419354838709675,0,23,20,3,8,12,0,0,3,15,0.6521739130434783,38,17,21,2
"Ja'Kobe Walter","TOR",52,1103,-83,111.13074204946996,114.2919964819701,390,0.2857142857142857,0.5172413793103449,0.38461538461538464,0.125,10,9,1,4,5,0,0,1,6,0.6,43,20,23,0
"Jaxson Hayes","LAL",56,1093,88,115.91214701927387,111.91756272401433,330,0,0.2857142857142857,0.2727272727272727,0,51,47,4,25,22,0,1,3,23,0.45098039215686275,31,13,18,5
"Jonathan Isaac","ORL",71,1090,-37,109.50834879406308,110.20220588235293,250,0.24324324324324326,0.4878048780487805,0.05263157894736842,0.058823529411764705,80,77,3,41,36,0,0,3,43,0.5375,61,38,23,1
"Cameron Payne","NYK",72,1090,204,120.32667876588022,110.5691056910569,469,0.2857142857142857,0.5641025641025641,0.3269230769230769,0.5,16,14,2,6,7,1,1,1,7,0.4375,39,21,18,0
"DaQuan Jeffries","CHA",47,1071,-276,108.90764181903424,121.39187295656235,273,0.2857142857142857,0.37142857142857144,0.20833333333333334,0.4,25,23,2,10,10,3,0,2,15,0.6,26,10,16,1
"Jusuf Nurkić","CHA",51,1063,-184,109.24291686019507,117.89865178986517,384,0.10144927536231885,0.28,0.3275862068965517,0,34,34,0,22,11,1,0,0,25,0.7352941176470589,40,20,20,0
"Seth Curry","CHA",68,1062,-171,108.92940626460963,117.58345086976964,371,0.28865979381443296,0.7142857142857143,0.4117647058823529,0.25,7,5,2,2,3,0,0,2,2,0.2857142857142857,27,7,20,0
"Cody Williams","UTA",50,1060,-339,106.42243328810493,121.04316546762591,218,0.2916666666666667,0.4444444444444444,0.2608695652173913,0.3333333333333333,16,10,6,3,6,1,2,4,11,0.6875,23,6,17,0
"Isaac Okoro","CLE",55,1053,253,124.98830135704257,111.58283341024458,304,0.34408602150537637,0.4444444444444444,0.5454545454545454,0,16,14,2,6,7,1,1,1,7,0.4375,32,5,27,0
"Oso Ighodaro","PHX",61,1045,-22,112.24392567889473,112.11692597831211,216,0,0.2,0.14814814814814814,0,29,29,0,14,15,0,0,0,15,0.5172413793103449,28,12,16,0
"Jared Butler","PHI",60,1044,-131,111.04997707473636,116.8956043956044,489,0.2571428571428571,0.4857142857142857,0.32954545454545453,0.4375,12,12,0,7,5,0,0,0,6,0.5,42,17,25,0
"Noah Clowney","BKN",46,1042,-261,104.83716475095785,118.81668283220174,352,0.23809523809523808,0.4,0.45714285714285713,0.3333333333333333,21,20,1,19,1,0,1,0,14,0.6666666666666666,24,10,14,0
"Jamison Battle","TOR",59,1042,-183,107.60719225449515,116.09778597785979,369,0.33557046979865773,0.3157894736842105,0.45,0.2,10,10,0,6,4,0,0,0,6,0.6,17,6,11,0
"Alex Caruso","OKC",54,1041,321,120.39686202122749,106.17169373549883,344,0.29906542056074764,0.2631578947368421,0.21052631578947367,0.16666666666666666,30,30,0,14,14,2,0,0,16,0.5333333333333333,87,32,55,1
"Kris Murray","POR",69,1040,-49,108.72979214780601,110.07787448465416,232,0.2988505747126437,0.425531914893617,0.5454545454545454,0,17,15,2,11,4,0,1,1,11,0.6470588235294118,35,9,26,0
"Dejounte Murray","NOP",31,1012,-207,110.74612857813234,120.97078228086711,504,0.2672413793103448,0.3541666666666667,0.3048780487804878,0.06521739130434782,12,12,0,8,4,0,0,0,6,0.5,62,17,45,0
"Jalen Suggs","ORL",35,1002,3,107.76843146956952,106.82711198428291,525,0.21794871794871795,0.4090909090909091,0.31343283582089554,0.2222222222222222,33,33,0,17,15,1,0,0,21,0.6363636363636364,51,22,29,2
"Kyle Anderson","MIA",61,1002,-22,109.1937069813176,110.3295622233153,286,0.28205128205128205,0.4782608695652174,0.3055555555555556,0.21428571428571427,33,30,3,8,21,1,0,3,20,0.6060606060606061,40,22,18,2
"Brandon Boston","NOP",42,993,-141,111.2879164594729,117.77227722772278,399,0.2727272727272727,0.4473684210526316,0.3333333333333333,0.2682926829268293,9,7,2,6,1,0,0,2,8,0.8888888888888888,53,21,32,0
"Dalen Terry","CHI",73,987,-172,107.409155261916,114.76793248945148,279,0.375,0.5510204081632653,0.35714285714285715,0.25,15,13,2,9,3,1,1,1,12,0.8,43,17,26,1
"Andre Jackson Jr.","MIL",67,980,-33,113.64087301587301,114.59566074950689,190,0.15555555555555556,0.4074074074074074,0.2692307692307692,0,14,13,1,10,3,0,0,1,9,0.6428571428571429,34,12,22,1
"Zach Collins","CHI",64,976,-22,112.3334977799704,113.19547021171837,347,0.2361111111111111,0.3333333333333333,0.2,0.5,29,28,1,18,10,0,1,0,19,0.6551724137931034,29,16,13,0
"Trayce Jackson-Davis","GSW",62,967,-61,111.33501259445843,114.17797888386123,333,0.3333333333333333,0.43283582089552236,0.25925925925925924,0,38,35,3,15,20,0,2,1,27,0.7105263157894737,23,5,18,5
"Thomas Bryant","IND",66,963,-37,114.37185929648243,116.40664318067438,344,0.12244897959183673,0.4,0.26666666666666666,0,41,41,0,21,20,0,0,0,20,0.4878048780487805,28,9,19,6
"Jordan Clarkson","UTA",37,962,-204,109.82543640897755,119.46375372393247,531,0.2740740740740741,0.5,0.39215686274509803,0.4,9,8,1,5,3,0,0,1,6,0.6666666666666666,31,13,18,2
"Jalen Smith","CHI",64,962,-36,114.25085407515863,113.84099616858238,433,0.12837837837837837,0.36363636363636365,0.125,0,44,44,0,32,12,0,0,0,28,0.6363636363636364,17,4,13,1
"Gary Payton II","GSW",62,927,45,119.01709401709402,113.52054082163286,342,0.2903225806451613,0.32142857142857145,0.38235294117647056,0,17,16,1,5,11,0,0,1,11,0.6470588235294118,52,17,35,0
"Brandon Miller","CHA",27,924,-125,108.82352941176471,115.2,478,0.2808988764044944,0.3333333333333333,0.3442622950819672,0.38095238095238093,20,17,3,10,7,0,2,1,14,0.7,29,7,22,2
"Bruce Brown","NOP",41,921,-226,107.05570291777188,120,309,0.3269230769230769,0.34210526315789475,0.28,0.5,10,10,0,5,5,0,0,0,4,0.4,34,11,23,0
"Immanuel Quickley","TOR",33,918,-39,112.46670218433671,113.93746687864335,501,0.27941176470588236,0.28,0.3194444444444444,0.3076923076923077,4,3,1,1,2,0,1,0,3,0.75,23,7,16,0
"Trendon Watford","BKN",43,913,-65,108.27814569536423,112.67370761534187,425,0.23636363636363636,0.3333333333333333,0.34285714285714286,0,12,12,0,5,7,0,0,0,6,0.5,27,10,17,0
"KJ Martin","UTA",43,912,-140,112.31922870915906,119.49786324786325,249,0.37209302325581395,0.21875,0.3333333333333333,0,22,22,0,12,10,0,0,0,14,0.6363636363636364,17,7,10,0
"Day'Ron Sharpe","BKN",50,909,56,112.76477146042363,110.7545045045045,252,0.21212121212121213,0.36619718309859156,0.3,0.25,42,41,1,24,17,0,0,1,24,0.5714285714285714,41,12,29,1
"Jaden Hardy","DAL",57,907,-65,110.73119410836401,114.99735029146794,454,0.20512820512820512,0.35294117647058826,0.30612244897959184,0.23076923076923078,5,5,0,1,3,1,0,0,3,0.6,28,11,17,0
"Tre Jones","CHI",46,905,-31,114.96311907270811,116.65788086452294,301,0.21428571428571427,0.29411764705882354,0.30952380952380953,0.25,10,10,0,4,5,1,0,0,6,0.6,37,18,19,0
"Adem Bona","PHI",58,902,-107,110.35791757049891,117.4342105263158,238,0,0.22727272727272727,0.4444444444444444,0,70,68,2,38,30,0,0,2,43,0.6142857142857143,26,10,16,16
"Jaden Ivey","DET",30,898,-62,113.64887176664831,117.44892324682496,460,0.27380952380952384,0.42,0.3709677419354839,0.29411764705882354,11,11,0,2,9,0,0,0,6,0.5454545454545454,28,6,22,1
"Kelly Olynyk","NOP",44,891,-58,112.59583789704271,116.92477876106196,315,0.15555555555555556,0.5641025641025641,0.18181818181818182,0.3076923076923077,19,18,1,9,9,0,0,1,9,0.47368421052631576,33,15,18,1
"Chet Holmgren","OKC",32,877,294,123.89666307857912,108.24797843665768,388,0.24285714285714285,0.45454545454545453,0.2727272727272727,0.3076923076923077,71,70,1,45,25,0,0,1,49,0.6901408450704225,23,7,16,2
"Alec Burks","MIA",49,863,110,116.70547147846334,110.30267753201397,322,0.36752136752136755,0.2727272727272727,0.3333333333333333,0.125,7,7,0,5,2,0,0,0,5,0.7142857142857143,28,7,21,0
"Neemias Queta","BOS",62,863,155,120.79089275014978,110.83978558665873,234,0,0.35,0.2692307692307692,0,42,40,2,21,19,0,1,1,28,0.6666666666666666,18,9,9,5
"Chris Boucher","TOR",50,862,5,116.64746543778803,116.09195402298852,401,0.2833333333333333,0.2727272727272727,0.3333333333333333,0.4,25,19,6,9,9,1,2,4,10,0.4,24,10,14,0
"Zion Williamson","NOP",30,857,-42,117.17963066592053,120.40586245772268,628,0.14285714285714285,0.44,0.33653846153846156,0,27,21,6,13,6,2,2,4,17,0.6296296296296297,37,23,14,3
"Khris Middleton","WAS",37,843,39,117.19532554257096,115.66871852266368,386,0.24050632911392406,0.25,0.4318181818181818,0.1111111111111111,8,8,0,2,6,0,0,0,5,0.625,35,11,24,0
"KJ Simpson","CHA",36,842,-278,103.42587123449498,118.724400234055,236,0.22105263157894736,0.4782608695652174,0.3492063492063492,0.25,6,6,0,5,1,0,0,0,4,0.6666666666666666,34,11,23,0
"Shake Milton","LAL",57,836,-118,109.13432835820896,115.90232281119715,274,0.234375,0.47619047619047616,0.37777777777777777,0.25,4,4,0,2,2,0,0,0,1,0.25,25,11,14,0
"Dereck Lively II","DAL",36,833,121,117.17647058823529,109.80046948356808,236,0,0.4,0.3333333333333333,0,56,56,0,27,28,1,0,0,33,0.5892857142857143,20,6,14,6
"Garrison Mathews","ATL",47,830,-60,110.93573844419392,114.4469525959368,339,0.24615384615384617,0.3333333333333333,0.18181818181818182,0,15,9,6,6,3,0,2,4,5,0.3333333333333333,26,7,19,0
"Cam Whitmore","HOU",51,827,-1,115.48881036513545,114.73684210526315,402,0.3162393162393162,0.4418604651162791,0.5208333333333334,0.42857142857142855,13,13,0,7,6,0,0,0,6,0.46153846153846156,31,9,22,0
"Ryan Rollins","MIL",56,820,83,116.39150943396226,111.89349112426036,318,0.25757575757575757,0.34782608695652173,0.2,0.07142857142857142,17,15,2,7,7,1,0,2,8,0.47058823529411764,42,16,26,0
"Marcus Sasser","DET",57,811,40,113.66087477531455,110.73345259391772,344,0.25274725274725274,0.5384615384615384,0.34375,0.25,4,3,1,1,2,0,1,0,3,0.75,37,18,19,0
"Steven Adams","HOU",57,795,174,119.4271481942715,109.96216897856243,102,1,0.627906976744186,0.41935483870967744,0,28,27,1,12,15,0,0,1,18,0.6428571428571429,22,3,19,2
"Aaron Holiday","HOU",62,792,88,113.39013998782714,106.99216395418927,312,0.33653846153846156,0.5,0.3076923076923077,0.5714285714285714,11,9,2,3,6,0,2,0,3,0.2727272727272727,19,4,15,0
"Karlo Matković","NOP",42,791,-91,111.66056166056167,117.0018281535649,271,0.20454545454545456,0.3333333333333333,0.2,0,41,40,1,21,19,0,0,1,24,0.5853658536585366,22,8,14,6
"Caleb Houstan","ORL",58,788,-66,106.91214470284237,110.32051282051282,221,0.3076923076923077,0.6,0.4,0,6,5,1,2,3,0,1,0,3,0.5,22,7,15,0
"Vasilije Micić","PHX",41,785,-122,104.43444730077121,112.92824822236587,241,0.3116883116883117,0.2692307692307692,0.4594594594594595,0.17647058823529413,0,0,0,0,0,0,0,0,0,0,15,4,11,0
"Jaylin Williams","OKC",47,784,302,123.93162393162395,106.20774431468962,233,0.2222222222222222,0.5,0.3076923076923077,0,29,27,2,12,15,0,0,2,14,0.4827586206896552,22,7,15,1
"Pelle Larsson","MIA",55,782,10,114.47028423772609,111.23737373737374,232,0.19047619047619047,0.3333333333333333,0.2777777777777778,0,7,7,0,2,5,0,0,0,5,0.7142857142857143,32,8,24,0
"Cam Thomas","BKN",25,781,-92,116.92708333333334,123.4793982995422,561,0.30578512396694213,0.1875,0.25,0.3333333333333333,2,2,0,1,1,0,0,0,0,0,15,4,11,0
"Lindy Waters III","DET",52,777,9,114.30395913154534,113.29516539440203,215,0.30578512396694213,0.3333333333333333,0.4444444444444444,0.5,11,11,0,6,5,0,0,0,6,0.5454545454545454,27,15,12,0
"Lonzo Ball","CHI",35,777,100,116.90734055354993,110.55788842231553,237,0.256198347107438,0.5,0.2,0,17,17,0,8,9,0,0,0,7,0.4117647058823529,47,20,27,0
"Orlando Robinson","TOR",44,770,-87,107.13391739674593,112.15710723192021,210,0.23529411764705882,0.3023255813953488,0.2698412698412698,0.3333333333333333,16,15,1,6,9,0,0,1,11,0.6875,17,6,11,4
"Eric Gordon","PHI",39,768,-72,114.27652733118971,119.36733376371852,249,0.28205128205128205,0.47058823529411764,0.4117647058823529,0,12,10,2,4,3,3,0,2,11,0.9166666666666666,26,16,10,0
"Gui Santos","GSW",56,762,165,121.14137483787289,110.58441558441558,188,0.30303030303030304,0.4166666666666667,0.6428571428571429,0,10,9,1,4,5,0,1,0,5,0.5,25,8,17,0
"Landry Shamet","NYK",50,762,88,115.1890482398957,109.38110749185668,264,0.2967032967032967,0.2727272727272727,0.38461538461538464,0.16666666666666666,2,2,0,1,1,0,0,0,2,1,23,9,14,0
"Svi Mykhailiuk","UTA",38,760,-106,113.26142131979695,119.98730964467005,292,0.2846153846153846,0.5625,0.21428571428571427,0.14285714285714285,7,7,0,6,1,0,0,0,5,0.7142857142857143,19,4,15,0
"Andre Drummond","PHI",40,751,-245,107.0469798657718,121.61269001982815,203,0.2,0.3870967741935484,0.2972972972972973,0,18,17,1,7,10,0,0,1,9,0.5,39,19,20,1
"Jabari Walker","POR",60,749,15,110.92861655085281,110.53968253968254,241,0.35714285714285715,0.46153846153846156,0.2916666666666667,0.75,6,5,1,4,1,0,0,1,4,0.6666666666666666,33,16,17,0
"Jay Huff","MEM",64,748,25,114.18877236273904,112.9950495049505,399,0.2288135593220339,0.35714285714285715,0.375,0.42857142857142855,56,53,3,32,21,0,2,1,30,0.5357142857142857,16,3,13,3
"Drew Eubanks","LAC",61,746,-126,110.14211886304909,117.59794476557482,232,0.3333333333333333,0.25925925925925924,0.2708333333333333,0,39,39,0,24,15,0,0,0,20,0.5128205128205128,12,5,7,1
"Talen Horton-Tucker","CHI",58,724,19,115.39948453608248,112.36525047558656,353,0.25925925925925924,0.35185185185185186,0.25,0,11,10,1,5,5,0,1,0,9,0.8181818181818182,21,13,8,1
"Gary Harris","ORL",48,711,83,113.07692307692307,107.12290502793296,131,0.24193548387096775,0.6,0.3333333333333333,0.5,12,12,0,3,9,0,0,0,5,0.4166666666666667,26,17,9,1
"Micah Potter","UTA",38,705,-104,111.02739726027397,118.63823933975242,134,0.19402985074626866,0.5,0.4,0,14,14,0,8,6,0,0,0,8,0.5714285714285714,14,4,10,1
"Jett Howard","ORL",60,701,-85,105.77464788732395,111.36842105263158,246,0.304,0.3333333333333333,0.5384615384615384,0.1,11,11,0,5,6,0,0,0,6,0.5454545454545454,13,6,7,1
"DeAndre Jordan","DEN",56,691,-47,112.41032998565281,114.63068181818181,138,0,0.41935483870967744,0.4117647058823529,0,27,27,0,8,19,0,0,0,14,0.5185185185185185,16,5,11,3
"Quinten Post","GSW",42,686,41,114.90280777537797,112.03170028818444,296,0.2621359223300971,0.38461538461538464,0.25,0,18,18,0,8,9,1,0,0,12,0.6666666666666666,16,8,8,1
"Blake Wesley","SAS",58,683,-9,112.84599006387509,112.60563380281691,207,0.2894736842105263,0.3055555555555556,0.2222222222222222,0.1,6,5,1,0,5,0,0,1,3,0.5,37,15,22,0
"Sandro Mamukelashvili","SAS",61,681,-28,114.32624113475178,116.06510969568293,319,0.21,0.42105263157894735,0.29411764705882354,0.5,17,14,3,11,3,0,1,2,6,0.35294117647058826,22,7,15,1
"Marcus Smart","WAS",34,680,42,113.91541609822646,110.82368958475153,287,0.3068181818181818,0.6666666666666666,0.3137254901960784,0,9,9,0,7,2,0,0,0,5,0.5555555555555556,39,17,22,0
"Jalen Pickett","DEN",49,666,52,115.84821428571429,111.64688427299703,185,0.22413793103448276,0.5,0.375,0.2777777777777778,5,5,0,1,4,0,0,0,0,0,19,4,15,0
"Tosan Evbuomwan","BKN",28,665,-66,106.84931506849314,110.94339622641509,232,0.33962264150943394,0.4,0.24444444444444444,0.3333333333333333,10,10,0,6,4,0,0,0,5,0.5,24,7,17,0
"Antonio Reeves","NOP",44,660,-150,108.54014598540147,120.19089574155655,259,0.3116883116883117,0.3333333333333333,0.48,0.2222222222222222,4,4,0,4,0,0,0,0,1,0.25,21,8,13,0
"Kyle Lowry","PHI",35,659,-71,107.25075528700906,112.27409638554218,118,0.14545454545454545,0,0.3333333333333333,0.2,11,11,0,2,7,2,0,0,5,0.45454545454545453,33,17,16,0
"Reed Sheppard","HOU",52,653,-52,110.63218390804597,113.95848246241947,210,0.32608695652173914,0.4444444444444444,0.2972972972972973,0.2,17,17,0,3,14,0,0,0,8,0.47058823529411764,35,20,15,0
"Herbert Jones","NOP",20,648,-20,113.72843210802701,114.6268656716418,186,0.14285714285714285,0.4090909090909091,0.5652173913043478,0,9,7,2,3,3,1,1,1,3,0.3333333333333333,37,13,24,0
"AJ Johnson","WAS",29,638,-152,106.3975628332064,117.79467680608364,213,0.25806451612903225,0.48484848484848486,0.16666666666666666,1,3,3,0,3,0,0,0,0,1,0.3333333333333333,12,3,9,1
"Maxi Kleber","DAL",34,637,-17,115.50268610897929,116.27196333078686,87,0.14285714285714285,0.3,0.4,0.3333333333333333,17,17,0,6,11,0,0,0,11,0.6470588235294118,9,1,8,0
"Delon Wright","NYK",40,634,1,108.4375,108.95522388059702,102,0.1836734693877551,0.5,0.625,0,12,12,0,6,3,3,0,0,8,0.6666666666666666,35,7,28,0
"Jericho Sims","MIL",53,631,25,114.78537360890301,112.4405705229794,72,0,0.47368421052631576,0.2857142857142857,0,19,19,0,8,11,0,0,0,15,0.7894736842105263,10,1,9,2
"Josh Okogie","CHA",40,625,-13,112.59079903147699,112.28070175438597,222,0.23728813559322035,0.4,0.25925925925925924,0,18,15,3,6,9,0,2,1,12,0.6666666666666666,48,20,28,0
"Daniel Theis","NOP",38,621,-61,112.61609907120743,118.34504293520686,118,0.11538461538461539,0.35294117647058826,0.2222222222222222,0.25,20,20,0,17,3,0,0,0,14,0.7,18,9,9,4
"Jeff Dowtin Jr.","PHI",41,621,-103,110.853950518755,119.45556445156124,261,0.325,0.25,0.3225806451612903,0.2631578947368421,12,10,2,5,3,2,1,1,9,0.75,24,8,16,0
"Cory Joseph","ORL",50,612,35,112.53051261187959,109.86145069274654,162,0.27692307692307694,0.3333333333333333,0.3,0.6,4,4,0,2,2,0,0,0,1,0.25,26,13,13,0
"Kessler Edwards","DAL",40,608,-158,113.63996827914355,125.27559055118111,140,0.0967741935483871,0.23529411764705882,0.125,0.3333333333333333,20,18,2,9,8,1,0,2,9,0.45,19,9,10,1
"Zeke Nnaji","DEN",57,608,-22,111.41479099678457,110.95350669818755,149,0.2727272727272727,0.391304347826087,0.4,0.3333333333333333,38,33,5,15,16,2,2,3,19,0.5,25,8,17,0
"Pat Connaughton","MIL",41,603,-13,115.24590163934427,118.15154038301415,192,0.27450980392156865,0.2916666666666667,0.4166666666666667,0,11,6,5,4,2,0,0,5,9,0.8181818181818182,9,3,6,0
"Ajay Mitchell","OKC",36,597,127,112.75551921504497,103.3003300330033,201,0.3333333333333333,0.15,0.3448275862068966,0,4,4,0,1,3,0,0,0,2,0.5,25,9,16,0
"Brandon Ingram","NOP",18,595,-128,108.64819479429052,119.89881956155143,334,0.3,0.42857142857142855,0.2765957446808511,0.4090909090909091,11,11,0,4,7,0,0,0,6,0.5454545454545454,16,6,10,0
"Jared McCain","PHI",23,592,-27,111.74978867286559,114.22523285351397,327,0.24691358024691357,0.3448275862068966,0.3076923076923077,0.2727272727272727,0,0,0,0,0,0,0,0,0,0,15,5,10,0
"Cam Reddish","LAL",33,589,-91,112.47892074198988,117.67134599504543,99,0.16129032258064516,0.3,0.3,0.5,10,10,0,2,8,0,0,0,5,0.5,33,17,16,0
"Jae'Sean Tate","HOU",52,588,51,113.86382280557835,107.13141025641025,140,0.23333333333333334,0.3888888888888889,0.36666666666666664,0,7,7,0,4,3,0,0,0,3,0.42857142857142855,26,20,6,0
"Olivier-Maxence Prosper","DAL",52,584,-104,105.27182866556836,112.63243683781582,178,0.10526315789473684,0.4482758620689655,0.25925925925925924,0,6,6,0,5,1,0,0,0,4,0.6666666666666666,26,9,17,2
"Jarred Vanderbilt","LAL",36,581,34,118.79762912785775,116.21392190152802,105,0.19047619047619047,0.36666666666666664,0.3333333333333333,0,10,9,1,6,3,0,0,1,6,0.6,35,11,24,1
"Joel Embiid","PHI",19,574,-57,106.2127659574468,111.15843270868824,407,0.14814814814814814,0.4482758620689655,0.22727272727272727,0.15217391304347827,18,17,1,9,7,1,1,0,8,0.4444444444444444,14,4,10,0
"Monté Morris","PHX",45,571,47,115.07798960138649,111.78010471204188,212,0.3888888888888889,0.42857142857142855,0.3888888888888889,0.25,3,2,1,1,1,0,0,1,2,0.6666666666666666,20,7,13,0
"Moritz Wagner","ORL",30,564,-17,108.74890638670166,110.23622047244095,343,0.22916666666666666,0.29545454545454547,0.13333333333333333,1,12,10,2,6,4,0,1,1,7,0.5833333333333334,24,12,12,0
"Malcolm Brogdon","WAS",24,564,-120,110.2127659574468,120.1188455008489,278,0.23684210526315788,0.4666666666666667,0.5476190476190477,0.3181818181818182,5,5,0,0,4,1,0,0,3,0.6,13,5,8,0
"John Konchar","MEM",46,558,58,116.2048698572628,109.6774193548387,98,0.3888888888888889,0.5714285714285714,0.25,0,14,12,2,6,6,0,1,1,4,0.2857142857142857,30,14,16,1
"Dillon Jones","OKC",54,552,75,111.42355008787345,105.76241134751774,105,0.2727272727272727,0.23529411764705882,0.21428571428571427,0,4,3,1,3,0,0,0,1,2,0.5,16,11,5,0
"Dwight Powell","DAL",55,551,-14,111.56879929886065,113.3920704845815,91,0.5,0.16666666666666666,0,0,21,20,1,9,11,0,0,1,12,0.5714285714285714,18,8,10,0
"Jordan Goodwin","LAL",29,543,-11,115.0735294117647,115.87155963302752,135,0.375,0.46153846153846156,0.3684210526315789,0.16666666666666666,11,11,0,6,4,1,0,0,5,0.45454545454545453,30,15,15,0
"Richaun Holmes","WAS",31,534,-36,113.32116788321167,117.57129714811408,156,1,0.2,0.35,0,23,22,1,11,10,1,0,1,14,0.6086956521739131,9,3,6,6
"Mouhamed Gueye","ATL",33,533,87,116.27906976744187,108.40035746201967,155,0.21666666666666667,0.5,0.26666666666666666,0,33,31,2,20,11,0,0,2,22,0.6666666666666666,28,16,12,1
"Bismack Biyombo","SAS",28,528,-100,111.23491179201486,120.85661080074487,122,0,0.5294117647058824,0.1,0,23,23,0,17,6,0,0,0,15,0.6521739130434783,16,5,11,4
"Jaylen Clark","MIN",40,522,44,117.6252319109462,113.01939058171745,133,0.25925925925925924,0.6666666666666666,0.3333333333333333,0,2,2,0,1,1,0,0,0,1,0.5,36,15,21,0
"Rob Dillingham","MIN",49,516,19,114.92537313432835,113.68322399250235,201,0.1836734693877551,0.4090909090909091,0.4642857142857143,0.1875,1,1,0,0,1,0,0,0,0,0,20,11,9,0
"Colby Jones","WAS",39,515,-112,106.50717703349282,117.78846153846153,140,0.2,0.2222222222222222,0.25,0,13,13,0,7,6,0,0,0,8,0.6153846153846154,26,6,20,0
"Craig Porter Jr.","CLE",51,513,-45,110.65032987747409,115.10859301227573,173,0.20833333333333334,0.3333333333333333,0.29411764705882354,0,15,14,1,7,7,0,0,1,10,0.6666666666666666,17,10,7,0
"Tristan Vukcevic","WAS",35,513,-125,104.93023255813954,116.99346405228758,293,0.13114754098360656,0.4666666666666667,0.16216216216216217,0,23,22,1,12,10,0,0,1,12,0.5217391304347826,11,6,5,1
"Elfrid Payton","NOP",24,511,-149,102.28789323164919,115.50094517958412,72,0.5,0.38461538461538464,0.3333333333333333,0.25,11,10,1,5,4,1,0,1,6,0.5454545454545454,24,8,16,0
"Jamal Cain","NOP",37,502,-132,108.01158301158301,121.9298245614035,173,0.28,0.38461538461538464,0.21052631578947367,0.25,9,9,0,6,2,1,0,0,5,0.5555555555555556,23,9,14,0
"Keaton Wallace","ATL",31,501,-19,109.59692898272553,110.57142857142857,150,0.3076923076923077,0.16666666666666666,0.42857142857142855,0.21428571428571427,9,9,0,6,3,0,0,0,6,0.6666666666666666,28,15,13,0
"Jock Landale","HOU",42,500,-25,112.35849056603774,115.15151515151514,144,0.2857142857142857,0.16666666666666666,0.2608695652173913,0.4444444444444444,10,10,0,3,7,0,0,0,5,0.5,13,2,11,1
"Wendell Moore Jr.","CHA",36,499,-134,101.46198830409357,115.42239685658154,125,0.3333333333333333,0.4,0.5384615384615384,0,5,4,1,2,2,0,0,1,1,0.2,20,8,12,0
"Vince Williams Jr.","MEM",27,499,5,121.44212523719166,119.27034611786718,144,0.3384615384615385,0.5454545454545454,0.3333333333333333,0,7,7,0,3,4,0,0,0,2,0.2857142857142857,12,5,7,0
"Brandon Williams","DAL",33,487,10,112.23506743737957,111.81026137463698,257,0.09090909090909091,0.39285714285714285,0.3333333333333333,0.2,5,4,1,3,1,0,0,1,4,0.8,24,11,13,0
"A.J. Lawson","TOR",26,486,-17,111.51984511132623,114.04878048780488,197,0.22727272727272727,0.43333333333333335,0.3333333333333333,0,6,5,1,3,1,1,0,1,4,0.6666666666666666,13,5,8,0
"Grant Williams","CHA",16,479,10,117.23076923076923,115.7303370786517,148,0.32608695652173914,0.2857142857142857,0.2727272727272727,0,13,11,2,7,4,0,0,2,9,0.6923076923076923,18,8,10,1
"Lonnie Walker IV","PHI",20,477,-142,107.5356415478615,121.87182095625636,215,0.23076923076923078,0.5333333333333333,0.3333333333333333,0.38461538461538464,5,5,0,3,2,0,0,0,4,0.8,10,2,8,0
"Duop Reath","POR",46,469,-55,110.77235772357724,116.59877800407331,148,0.2857142857142857,0.6,0.3333333333333333,0,14,13,1,6,7,0,0,1,11,0.7857142857142857,12,3,9,0
"Reece Beekman","BKN",36,469,-117,101.48936170212765,113.09398099260822,81,0.42424242424242425,0.3125,0.0625,0,2,1,1,0,1,0,0,1,1,0.5,33,15,18,0
"Kai Jones","DAL",40,468,-21,109.79978925184405,111.07628004179728,169,0.25,0.25,0,0,22,22,0,10,11,1,0,0,14,0.6363636363636364,15,9,6,5
"Larry Nance Jr.","ATL",24,463,-95,110.60142711518857,119.55420466058764,175,0.15384615384615385,0.26666666666666666,0.1875,0,13,12,1,6,6,0,0,1,10,0.7692307692307693,20,9,11,1
"Collin Gillespie","PHX",33,461,-29,118.63488624052003,121.51351351351352,175,0.40425531914893614,0.08333333333333333,0.3,0.2857142857142857,5,5,0,3,2,0,0,0,3,0.6,21,9,12,0
"Rayan Rupert","POR",52,460,-85,102.63959390862945,112.06543967280165,136,0.32558139534883723,0.5263157894736842,0.21052631578947367,1,4,4,0,2,2,0,0,0,2,0.5,16,8,8,0
"GG Jackson","MEM",29,459,-68,115.40880503144655,122.02505219206681,187,0.2459016393442623,0.27586206896551724,0.3870967741935484,0,5,5,0,0,5,0,0,0,2,0.4,12,4,8,3
"Jaylon Tyson","CLE",47,453,-2,110.201912858661,111.00427350427351,140,0.2631578947368421,0.391304347826087,0.1,0,3,3,0,3,0,0,0,0,3,1,13,3,10,1
"Bol Bol","PHX",36,448,-37,115.08021390374331,119.16488222698074,217,0.2,0.75,0.08333333333333333,0.2,25,20,5,8,11,1,1,4,15,0.6,9,3,6,5
"Paul Reed","DET",45,436,43,113.54051054384018,107.57409440175631,146,0.05,0.4,0.041666666666666664,0.4,25,23,2,10,13,0,1,1,17,0.68,39,20,19,0
"Colin Castleton","TOR",26,432,-30,108.49162011173185,110.73008849557523,84,0.35714285714285715,0.4166666666666667,0.64,0,10,10,0,5,4,1,0,0,5,0.5,8,0,8,3
"Trevelin Queen","ORL",31,430,-86,103.91705069124424,112.78538812785388,124,0.22916666666666666,0.21052631578947367,0.35714285714285715,0.3333333333333333,10,7,3,2,3,2,2,1,4,0.4,31,12,19,0
"Malaki Branham","SAS",47,427,-33,109.31537598204265,111.88888888888889,207,0.2857142857142857,0.5,0.2857142857142857,0.13333333333333333,2,2,0,2,0,0,0,0,0,0,11,4,7,0
"Jordan Miller","LAC",37,420,-63,106.09613130128957,111.90751445086704,124,0.13793103448275862,0.44,0.5,0,5,3,2,3,0,0,0,2,1,0.2,17,11,6,0
"Mo Bamba","NOP",32,413,-75,107.35294117647058,115.4126213592233,97,0.2631578947368421,0.2222222222222222,0.36363636363636365,1,31,28,3,20,7,1,2,1,17,0.5483870967741935,9,3,6,2
"David Roddy","HOU",33,410,-76,108.97583429228999,116.78082191780823,142,0.1282051282051282,0.18181818181818182,0.2857142857142857,0,9,9,0,5,3,1,0,0,5,0.5555555555555556,14,6,8,0
"Taj Gibson","CHA",37,409,-123,99.26829268292684,114.96932515337423,73,0,0.4444444444444444,0.14285714285714285,0.16666666666666666,18,18,0,11,7,0,0,0,10,0.5555555555555556,9,3,6,0
"Ousmane Dieng","OKC",37,405,45,106.97399527186761,101.41509433962264,127,0.32608695652173914,0.3,0,0,7,7,0,4,3,0,0,0,6,0.8571428571428571,17,4,13,1
"Jordan Walsh","BOS",52,403,25,114.60674157303372,111.4856429463171,60,0.2564102564102564,0.16666666666666666,0.2857142857142857,0,11,10,1,4,5,1,0,1,5,0.45454545454545453,12,8,4,0
"Hunter Tyson","DEN",51,400,-97,102.27272727272728,111.08518086347725,119,0.2857142857142857,0.3333333333333333,0.2727272727272727,0,6,4,2,4,0,0,2,0,2,0.3333333333333333,10,4,6,1
"Anthony Gill","WAS",51,397,-73,104.2892156862745,112,109,0.23809523809523808,0.5,0.5,0,2,2,0,1,1,0,0,0,2,1,9,3,6,1
"Jeff Green","HOU",32,396,-38,114.28571428571429,119.11220715166462,141,0.4375,0.75,0.8,1,4,2,2,1,1,0,0,2,3,0.75,6,0,6,0
"Devin Carter","SAC",36,396,43,117.35330836454432,112.83018867924528,112,0.3,0.36363636363636365,0.34782608695652173,0.5,4,3,1,1,1,1,0,1,1,0.25,21,9,12,0
"Trey Jemison III","LAL",38,392,-18,109.20716112531969,112.08226221079691,67,0,0.4666666666666667,0.125,0,15,15,0,7,8,0,0,0,10,0.6666666666666666,9,3,6,4
"Reggie Jackson","PHI",31,384,-19,113.14060446780552,115.18324607329843,125,0.1111111111111111,0.14285714285714285,0.25,0.7142857142857143,3,3,0,2,1,0,0,0,0,0,16,6,10,0
"Baylor Scheierman","BOS",31,384,29,111.61548731642189,107.17131474103586,96,0.2727272727272727,0.75,0.375,0.3333333333333333,2,2,0,1,1,0,0,0,1,0.5,17,7,10,0
"Quenton Jackson","IND",28,381,-1,113.55721393034827,112.14723926380367,138,0.32,0.36,0.14285714285714285,0.16666666666666666,5,5,0,1,4,0,0,0,2,0.4,21,9,12,0
"Alex Len","LAL",46,380,-153,105.33854166666667,124.12903225806451,59,0.14285714285714285,0.18181818181818182,0.25,0,21,18,3,8,10,0,0,3,13,0.6190476190476191,9,0,9,1
"Johnny Furphy","IND",50,379,22,109.16870415647922,107.26600985221675,98,0.23529411764705882,0.5714285714285714,0.4,0,11,9,2,5,3,1,0,2,7,0.6363636363636364,18,9,9,0
"Charles Bassey","SAS",36,376,-130,104.875,121.125,119,0,0.2903225806451613,0.13333333333333333,0.3333333333333333,30,29,1,19,10,0,0,1,20,0.6666666666666666,14,3,11,5
"Dominick Barlow","ATL",35,375,-2,113.94472361809045,113.625,115,0.3,0.42857142857142855,0.23076923076923078,0.16666666666666666,16,15,1,8,7,0,1,0,8,0.5,9,5,4,1
"Danté Exum","DAL",20,372,-48,111.70351105331599,118.40731070496084,167,0.35714285714285715,0.35294117647058826,0.15,0,3,3,0,3,0,0,0,0,1,0.3333333333333333,12,6,6,0
"Damion Baugh","CHA",15,370,-169,102.13618157543391,124.6995994659546,105,0.47619047619047616,0.4666666666666667,0.39285714285714285,1,2,2,0,2,0,0,0,0,2,1,15,4,11,0
"Jaden Springer","UTA",43,365,-32,108.57519788918205,112.5,88,0.24242424242424243,0,0.35714285714285715,0,4,4,0,1,3,0,0,0,3,0.75,24,17,7,0
"Robert Williams III","POR",20,351,-17,109.21787709497207,112.53521126760565,85,1,0.4,0.1111111111111111,0,33,30,3,15,14,1,0,3,19,0.5757575757575758,13,2,11,0
"Doug McDermott","SAC",42,342,27,116.1659513590844,113.76811594202898,138,0.26785714285714285,0.25,0.5,0,2,1,1,0,1,0,0,1,1,0.5,4,2,2,0
"Christian Koloko","LAL",37,342,-7,108.16618911174784,109.32568149210904,73,0,0.35714285714285715,0.2857142857142857,0,16,14,2,5,9,0,1,1,7,0.4375,8,3,5,0
"Terrence Shannon Jr.","MIN",32,339,11,111.07994389901823,108.32177531206658,128,0.35,0.26666666666666666,0.3157894736842105,0.4,5,5,0,3,2,0,0,0,4,0.8,7,3,4,0
"Keion Brooks Jr.","NOP",14,332,-145,102.76162790697674,123.29956584659912,116,0.20689655172413793,0.4444444444444444,0.1111111111111111,0,10,10,0,6,4,0,0,0,8,0.8,10,5,5,1
"Tristan Thompson","CLE",40,328,-85,99.11111111111111,111.86943620178042,51,0.6666666666666666,0.3125,0.4444444444444444,0,11,11,0,6,5,0,0,0,9,0.8181818181818182,2,1,1,3
"Maxwell Lewis","BKN",28,328,-68,104.1033434650456,112.38805970149254,100,0.16129032258064516,0.3,0.375,0,7,7,0,3,4,0,0,0,4,0.5714285714285714,9,2,7,0
"Patty Mills","LAC",29,321,-15,107.87518573551262,111.42857142857142,108,0.20408163265306123,1,0.25,0.2,3,2,1,0,2,0,0,1,2,0.6666666666666666,13,7,6,0
"Jevon Carter","CHI",36,321,37,116.73758865248227,113.25648414985591,136,0.22058823529411764,0.42857142857142855,0.25,0,3,3,0,0,2,1,0,0,2,0.6666666666666666,13,3,10,0
"Tre Mann","CHA",13,319,-55,110.74249605055292,117.75700934579439,140,0.2571428571428571,0.4642857142857143,0.3684210526315789,0.14285714285714285,4,3,1,2,1,0,0,1,3,0.75,7,4,3,0
"Jalen Hood-Schifino","PHI",15,315,-96,110.12269938650307,126.3975155279503,100,0.34375,0.3333333333333333,0.125,0.2727272727272727,7,7,0,4,3,0,0,0,1,0.14285714285714285,5,3,2,0
"Jordan McLaughlin","SAS",46,314,57,120.75471698113206,110.57542768273717,90,0.5,0.25,0.5,0.5,1,1,0,1,0,0,0,0,1,1,16,5,11,0
"Torrey Craig","BOS",26,314,-49,107.95454545454545,113.15372424722663,91,0.2619047619047619,0.2,0.25,1,12,12,0,6,5,1,0,0,8,0.6666666666666666,8,1,7,0
"Matisse Thybulle","POR",15,312,1,108.01232665639445,107.36196319018406,94,0.14814814814814814,0.16666666666666666,0.23076923076923078,0,9,4,5,2,2,0,0,5,7,0.7777777777777778,33,8,25,0
"Isaac Jones","SAC",40,304,-64,107.74091627172196,117.11145996860283,109,0.5,0.45454545454545453,0.23076923076923078,0,10,10,0,4,6,0,0,0,5,0.5,5,2,3,3
"Tyler Kolek","NYK",41,296,-1,106.99186991869918,106.98051948051948,70,0.15625,0.5555555555555556,0.46153846153846156,0,4,4,0,1,3,0,0,0,4,1,12,3,9,0
"Mitchell Robinson","NYK",17,290,23,118.7725631768953,110.62717770034843,40,0,0.4117647058823529,1,0,18,15,3,11,4,0,2,1,10,0.5555555555555556,16,5,11,2
"Josh Minott","MIN",46,276,-16,107.35042735042735,109.15254237288136,113,0.07142857142857142,0.6428571428571429,0.3333333333333333,0,12,9,3,7,2,0,2,1,9,0.75,15,6,9,1
"Kobe Brown","LAC",40,272,-53,107.2992700729927,117.18464351005485,57,0.29411764705882354,0.5,0.5,0,5,5,0,1,4,0,0,0,1,0.2,7,6,1,0
"Dru Smith","MIA",14,268,38,109.23913043478262,101.8018018018018,79,0.07692307692307693,0.25,0.5,0,6,6,0,2,4,0,0,0,1,0.16666666666666666,21,9,12,0
"Isaiah Wong","CHA",20,265,-6,103.20150659133711,104.52830188679246,105,0.17647058823529413,0.38461538461538464,0.17391304347826086,0.5,0,0,0,0,0,0,0,0,0,0,11,5,6,0
"Marvin Bagley III","MEM",31,265,-10,110.55456171735241,111.54529307282417,95,0.0625,0.5294117647058824,0.29411764705882354,0,8,8,0,4,4,0,0,0,4,0.5,9,2,7,0
"Oscar Tshiebwe","UTA",14,255,-11,117.5,118.47619047619048,69,0,0.4444444444444444,0.2631578947368421,0,1,1,0,1,0,0,0,0,1,1,13,4,9,0
"Drew Timme","BKN",9,254,-66,105,116.79389312977099,97,0.3333333333333333,0.26666666666666666,0.1875,0,1,1,0,1,0,0,0,0,1,1,4,0,4,0
"Marcus Bagley","PHI",10,253,-84,103.98481973434536,119.24528301886792,47,0.14814814814814814,0.3333333333333333,0.4,0,12,8,4,3,4,1,4,0,6,0.5,9,3,6,0
"Cam Spencer","MEM",25,252,40,119.69696969696969,113.40996168582376,90,0.38235294117647056,0.5,0.625,0.3333333333333333,1,1,0,0,1,0,0,0,1,1,9,0,9,0
"Kevin Love","MIA",23,251,-25,112.02290076335878,115.47169811320755,89,0.14285714285714285,0.375,0.45454545454545453,0.25,4,4,0,3,1,0,0,0,3,0.75,15,7,8,0
"Pat Spencer","GSW",39,250,-17,108.89748549323018,110.47619047619048,86,0.29411764705882354,0.5,0.3333333333333333,0.3333333333333333,3,3,0,1,2,0,0,0,0,0,14,7,7,0
"JT Thor","WAS",20,249,-96,96.65354330708661,117.4,55,0.13333333333333333,0.6,0.1,0.6666666666666666,9,7,2,3,4,0,0,2,8,0.8888888888888888,8,4,4,1
"Branden Carlson","OKC",32,246,41,117.11538461538461,108.81226053639847,96,0.25,0.25,0.2,1,21,21,0,7,13,1,0,0,13,0.6190476190476191,5,1,4,2
"Dariq Whitehead","BKN",20,246,-64,102.15264187866927,111.40684410646388,105,0.3,0.375,0.4,0,1,0,1,0,0,0,1,0,1,1,6,3,3,0
"Johnny Davis","WAS",34,242,-26,107.54352030947776,110.64638783269963,71,0.13636363636363635,0.5555555555555556,0.5,0,6,6,0,2,3,1,0,0,4,0.6666666666666666,15,6,9,0
"Bones Hyland","MIN",24,239,-31,102.88065843621399,109.25925925925925,138,0.2553191489361702,0.2857142857142857,0.42857142857142855,0.14285714285714285,4,3,1,0,2,1,0,1,3,0.75,18,6,12,0
"Jaylen Martin","WAS",16,239,-131,95.52845528455285,122.65306122448979,65,0.35714285714285715,0.25,0.5294117647058824,1,0,0,0,0,0,0,0,0,0,0,9,4,5,0
"Xavier Tillman","BOS",33,231,-12,109.64912280701755,112.52747252747253,29,0.25925925925925924,0.3333333333333333,0.3,0,5,5,0,3,2,0,0,0,3,0.6,11,5,6,0
"Garrett Temple","TOR",28,227,-28,108.3673469387755,113.84928716904277,45,0.35,0.5,0.3333333333333333,0.4,2,2,0,0,2,0,0,0,2,1,17,14,3,0
"Jared Rhoden","TOR",14,226,67,119.8329853862213,106.06694560669456,96,0.28,0.5384615384615384,0.3333333333333333,0,2,1,1,0,0,1,0,1,1,0.5,10,5,5,1
"Luka Garza","MIN",38,219,-1,110.02132196162046,109.53389830508475,106,0.15384615384615385,0.6666666666666666,0,0,3,3,0,1,2,0,0,0,1,0.3333333333333333,6,2,4,0
"Ariel Hukporti","NYK",25,217,-63,100.89485458612975,113.71681415929204,43,0,0.16666666666666666,0.25,0,15,15,0,14,1,0,0,0,7,0.4666666666666667,1,1,0,0
"Alex Reese","PHI",15,216,21,120.56892778993435,115.46840958605665,68,0.16,0,1,0,10,10,0,7,2,1,0,0,4,0.4,10,2,8,1
"Dario Šarić","DEN",16,210,-49,100,111.52941176470588,47,0.16666666666666666,0.5,0,0,1,1,0,1,0,0,0,0,0,0,7,4,3,0
"Adam Flagler","OKC",37,203,7,100,99.99999999999999,57,0.3103448275862069,0.5,0.3333333333333333,0.2,3,3,0,1,2,0,0,0,1,0.3333333333333333,8,6,2,0
"Chuma Okeke","CLE",9,197,-28,118.43434343434343,123.63184079601992,38,0.4375,0.6666666666666666,0,0,4,2,2,2,0,0,1,1,2,0.5,5,3,2,0
"Drew Peterson","BOS",25,186,46,116.66666666666666,105.43478260869564,47,0.25,0.6666666666666666,0,0,2,2,0,1,1,0,0,0,0,0,5,4,1,0
"Markelle Fultz","SAC",21,184,5,111.05121293800539,109.11528150134048,58,0.3333333333333333,1,0.36363636363636365,0.18181818181818182,2,2,0,1,1,0,0,0,1,0.5,10,6,4,0
"Lester Quinones","NOP",13,183,-26,105.26315789473684,112.3425692695214,78,0.32142857142857145,0.2,0.375,0.3333333333333333,2,2,0,1,1,0,0,0,1,0.5,3,1,2,0
"Bronny James","LAL",27,181,-71,98.89502762430939,116.57608695652173,59,0.21739130434782608,0,0.375,0.25,3,3,0,3,0,0,0,0,1,0.3333333333333333,9,3,6,1
"Enrique Freeman","IND",22,181,-18,107.86802030456853,111.58690176322418,33,0.1111111111111111,0.125,0.5,0,3,2,1,2,0,0,0,1,3,1,3,1,2,2
"Cole Swider","TOR",10,170,54,115.17615176151762,103.92156862745098,46,0.3,0.75,0.5,0.3333333333333333,2,2,0,1,1,0,0,0,1,0.5,4,2,2,0
"Jaylen Nowell","NOP",8,168,-42,103.33333333333334,117.48466257668713,57,0.4117647058823529,0.8,0.3333333333333333,0,4,4,0,3,1,0,0,0,2,0.5,1,0,1,0
"Markieff Morris","LAL",15,164,-28,107.9646017699115,117.26190476190476,48,0.2692307692307692,0.14285714285714285,0.25,0.14285714285714285,3,3,0,2,1,0,0,0,3,1,2,1,1,0
"Killian Hayes","BKN",6,162,-24,112.5748502994012,117.30205278592375,45,0.23076923076923078,1,0.2222222222222222,0,4,4,0,3,1,0,0,0,3,0.75,4,2,2,1
"MarJon Beauchamp","NYK",35,156,9,96.76470588235294,94.67455621301775,66,0.16666666666666666,0,0.3333333333333333,0.2222222222222222,1,1,0,1,0,0,0,0,1,1,4,2,2,0
"Lamar Stevens","MEM",17,155,66,131.42857142857144,105.77507598784194,65,0.23529411764705882,0.625,0.5,1,3,3,0,1,2,0,0,0,2,0.6666666666666666,5,3,2,0
"Tyson Etienne","BKN",7,151,-70,101.24223602484471,121.47239263803682,54,0.1,0.75,0,0,1,1,0,1,0,0,0,0,1,1,3,1,2,0
"Josh Richardson","MIA",8,150,-31,107.54098360655739,117.70491803278689,32,0.26666666666666666,0,0.6,0,1,1,0,0,1,0,0,0,0,0,8,2,6,0
"Nate Williams","HOU",20,147,-24,111.92660550458716,117.46987951807229,58,0.35,0,0.5454545454545454,0,4,3,1,1,2,0,0,1,2,0.5,8,6,2,0
"Bruno Fernando","TOR",17,147,-22,107.45762711864406,113.37792642140468,40,0,0.45454545454545453,0.6,0,9,9,0,5,4,0,0,0,8,0.8888888888888888,4,0,4,2
"Damion Lee","PHX",25,144,25,106.05095541401273,100.98360655737706,75,0.25,0.3333333333333333,0.18181818181818182,0,0,0,0,0,0,0,0,0,0,0,6,3,3,0
"Oshae Brissett","PHI",6,142,-31,116.3265306122449,128.6206896551724,41,0.16666666666666666,0.2,0,0,3,3,0,3,0,0,0,0,0,0,4,2,2,0
"Pete Nance","MIL",13,138,-14,111.76470588235293,116.05839416058393,35,0.21428571428571427,0,0,0,2,2,0,2,0,0,0,0,2,1,2,1,1,0
"Elijah Harkless","UTA",10,138,31,116.48745519713262,105.3763440860215,30,0.16666666666666666,0,0,0,1,1,0,0,1,0,0,0,0,0,10,8,2,0
"Vlatko Čančar","DEN",13,136,-18,96.12676056338029,102.8268551236749,18,0.36363636363636365,0.25,0,0,2,2,0,2,0,0,0,0,2,1,3,0,3,1
"Kylor Kelley","NOP",11,126,-75,104.86891385767791,133.9622641509434,25,0,0.5,0.75,0,3,3,0,2,1,0,0,0,2,0.6666666666666666,1,0,1,2
"Alex Ducas","OKC",21,125,-22,100,108.30188679245283,33,0.09090909090909091,0,0.3333333333333333,1,0,0,0,0,0,0,0,0,0,0,5,3,2,0
"Spencer Jones","DEN",20,125,-45,93.51145038167938,108.61423220973784,24,0.1875,0.3333333333333333,0.25,0,5,5,0,1,4,0,0,0,3,0.6,5,1,4,0
"Kobe Bufkin","ATL",10,124,-23,99.61977186311788,107.14285714285714,49,0.21428571428571427,0.5714285714285714,0,0,2,2,0,1,1,0,0,0,2,1,3,2,1,0
"Tyler Smith","MIL",23,122,8,105.46875,99.24242424242424,57,0.29411764705882354,0.6666666666666666,0.3333333333333333,0,4,3,1,2,1,0,0,1,4,1,3,2,1,0
"De'Anthony Melton","GSW",6,121,26,111.71875,98.11320754716982,55,0.3181818181818182,0.4,0.4,0,2,2,0,0,2,0,0,0,1,0.5,7,2,5,0
"Moses Brown","DAL",13,119,-14,105.44747081712063,107.95454545454545,58,0,0.4,0.1,0,4,4,0,2,2,0,0,0,2,0.5,6,1,5,0
"TyTy Washington Jr.","PHX",16,118,2,109.6234309623431,108.33333333333334,33,0.11764705882352941,0,0.3333333333333333,0.2,0,0,0,0,0,0,0,0,0,0,3,1,2,0
"Trey Alexander","DEN",23,116,-23,96.44268774703558,106.37450199203188,32,0.07142857142857142,0.75,0,0.2,1,1,0,0,1,0,0,0,0,0,2,0,2,0
"Sidy Cissoko","POR",22,114,8,91.90283400809716,90.8713692946058,25,0.4444444444444444,0,0.5,0,1,1,0,0,1,0,0,0,1,1,2,0,2,0
"Joe Ingles","MIN",19,114,2,111.1111111111111,117.03056768558952,15,0.08333333333333333,1,0.3333333333333333,0,0,0,0,0,0,0,0,0,0,0,2,0,2,0
"Tony Bradley","IND",14,113,44,115.41666666666667,94.71544715447155,47,0.5,0.18181818181818182,0.5,0,9,9,0,5,4,0,0,0,5,0.5555555555555556,2,0,2,0
"Jaylen Sims","CHA",6,112,-47,101.72413793103449,122.5108225108225,40,0.4444444444444444,1,0.6,0,1,1,0,0,1,0,0,0,1,1,3,1,2,0
"Pacôme Dadiet","NYK",18,111,-16,107.01754385964914,116.59192825112108,28,0.15384615384615385,0.5,0,0,2,2,0,1,1,0,0,0,0,0,3,0,3,0
"Patrick Baldwin Jr.","LAC",24,107,29,116.08695652173914,104.38596491228071,48,0.5,0.5,0.5,0,2,2,0,2,0,0,0,0,2,1,3,0,3,0
"Chris Livingston","MIL",21,106,-29,91.55555555555556,103.98230088495576,17,0,0.4,0.5,0,0,0,0,0,0,0,0,0,0,0,5,4,1,0
"Jae Crowder","SAC",9,103,-18,106.31067961165049,112.32227488151659,21,0.2727272727272727,0,0.6666666666666666,0,0,0,0,0,0,0,0,0,0,0,3,1,2,0
"Justin Minaya","POR",19,101,-12,95.83333333333333,106.31067961165049,16,0.25,0.75,0,0,1,1,0,1,0,0,0,0,0,0,6,1,5,0
"Keshad Johnson","MIA",16,98,5,107.94392523364485,106.10328638497653,35,0,0.6666666666666666,0,0,4,4,0,1,3,0,0,0,3,0.75,5,1,4,0
"Yuki Kawamura","MEM",22,93,27,115.12195121951221,102.95566502463055,33,0.3125,0,0,0,0,0,0,0,0,0,0,0,0,0,2,2,0,0
"Luke Travers","CLE",12,88,-1,109.72972972972973,113.33333333333333,10,0.25,0.3333333333333333,0,0,1,1,0,0,1,0,0,0,0,0,1,0,1,0
"Stanley Umude","MIL",22,86,-15,86.97916666666667,97.84946236559139,10,0.5,1,0.2,0,6,6,0,2,4,0,0,0,4,0.6666666666666666,3,0,3,0