"Name","TeamAbbreviation","GamesPlayed","Minutes","FTA","Technical Free Throw Trips","TwoPtShootingFoulsDrawn","2pt And 1 Free Throw Trips","ThreePtShootingFoulsDrawn","3pt And 1 Free Throw Trips","NonShootingFoulsDrawn","ShootingFoulsDrawnPct","TwoPtShootingFoulsDrawnPct","ThreePtShootingFoulsDrawnPct"
"Mikal Bridges","BKN",83,2963,353,11,151,42,9,2,30,0.11569052783803326,0.16167023554603854,0.0200445434298441
"Anthony Edwards","MIN",79,2842,422,23,202,63,4,1,24,0.12240047534165181,0.18330308529945555,0.0068846815834767644
"Zach LaVine","CHI",77,2768,428,17,207,50,4,0,19,0.13621691413815365,0.20679320679320679,0.0072992700729927005
"Nikola Vucevic","CHI",82,2746,158,3,71,22,0,0,18,0.059314954051796154,0.08352941176470588,0
"Julius Randle","NYK",77,2737,531,17,242,80,4,1,50,0.15403882279273637,0.25260960334029225,0.006259780907668232
"Domantas Sabonis","SAC",79,2736,438,0,198,47,0,0,43,0.18181818181818182,0.19681908548707752,0
"Jayson Tatum","BOS",74,2732,622,33,229,50,31,2,47,0.14569160997732428,0.217680608365019,0.03932584269662921
"Spencer Dinwiddie","BKN",79,2725,330,3,157,38,4,0,21,0.13725490196078433,0.23122238586156113,0.008097165991902834
"Evan Mobley","CLE",79,2715,304,0,155,35,0,0,14,0.14526710402999063,0.16062176165803108,0
"Dejounte Murray","ATL",74,2693,190,4,82,21,11,5,9,0.0670995670995671,0.08257804632426989,0.027989821882951654
"DeMar DeRozan","CHI",74,2682,523,15,266,76,5,3,20,0.18127090301003346,0.19689119170984457,0.034722222222222224
"Scottie Barnes","TOR",77,2678,246,2,119,30,0,0,19,0.1076923076923077,0.13507377979568672,0
"Harrison Barnes","SAC",82,2662,413,14,181,31,1,0,32,0.1932059447983015,0.3078231292517007,0.002824858757062147
"Pascal Siakam","TOR",71,2652,474,1,229,52,1,1,33,0.15436241610738255,0.19035743973399832,0.003484320557491289
"CJ McCollum","NOP",75,2649,238,5,99,25,9,2,19,0.07578947368421053,0.11314285714285714,0.016363636363636365
"Franz Wagner","ORL",80,2609,322,17,137,31,1,0,33,0.1126530612244898,0.15856481481481483,0.002770083102493075
"Jalen Green","HOU",76,2602,463,32,191,40,12,3,31,0.1336405529953917,0.1997907949790795,0.021314387211367674
"Bam Adebayo","MIA",75,2598,402,0,196,37,0,0,24,0.1539670070699136,0.15543219666931007,0
"Trae Young","ATL",73,2541,639,29,214,43,12,2,103,0.14276609305289995,0.1943687556766576,0.021367521367521368
"Fred VanVleet","TOR",69,2535,283,30,98,21,7,2,30,0.08793969849246232,0.1680960548885077,0.011456628477905073
"Buddy Hield","IND",80,2482,129,27,23,6,11,1,16,0.03192488262910798,0.06084656084656084,0.01601164483260553
"RJ Barrett","NYK",73,2475,392,1,203,44,1,0,13,0.15269461077844312,0.21481481481481482,0.0025575447570332483
"Jordan Poole","GSW",82,2458,415,9,155,37,21,4,40,0.12455767869780608,0.20421607378129117,0.03211009174311927
"Josh Hart","NYK",76,2454,176,0,85,27,1,0,14,0.14853195164075994,0.20531400966183574,0.006060606060606061
"Jabari Smith Jr.","HOU",79,2451,206,6,84,14,1,0,22,0.08826583592938733,0.14711033274956217,0.002551020408163265
"Trey Murphy III","NOP",79,2448,190,31,70,22,3,0,17,0.08578143360752057,0.19943019943019943,0.006
"Darius Garland","CLE",69,2447,321,16,124,25,1,0,41,0.10170870626525631,0.15196078431372548,0.002421307506053269
"Tobias Harris","PHI",74,2436,129,6,56,16,2,0,10,0.06538895152198422,0.09982174688057041,0.006134969325153374
"De'Aaron Fox","SAC",73,2435,440,6,205,52,6,0,31,0.14103425117528542,0.18352730528200537,0.013440860215053764
"Donovan Mitchell","CLE",68,2432,368,25,125,40,18,3,43,0.094,0.1467136150234742,0.024691358024691357
"Paolo Banchero","ORL",72,2430,534,3,254,53,4,0,32,0.1944235116804823,0.24470134874759153,0.01384083044982699
"Jaden McDaniels","MIN",79,2416,144,1,74,23,0,0,9,0.09647979139504563,0.14859437751004015,0
"Shai Gilgeous-Alexander","OKC",68,2416,739,37,321,57,1,0,58,0.19562575941676794,0.2173324306025728,0.005917159763313609
"Royce O'Neale","BKN",76,2409,69,0,30,5,0,0,7,0.04854368932038835,0.1507537688442211,0
"Jaylen Brown","BOS",67,2405,344,7,169,49,8,0,11,0.1171409662475182,0.16633858267716536,0.01616161616161616
"Luka Doncic","DAL",66,2391,694,19,300,74,9,1,62,0.1836007130124777,0.26455026455026454,0.01639344262295082
"O.G. Anunoby","TOR",67,2386,167,1,79,20,2,0,11,0.08465608465608465,0.1369150779896014,0.002717391304347826
"Keegan Murray","SAC",80,2382,81,2,42,15,0,0,4,0.0519159456118665,0.13636363636363635,0
"Kentavious Caldwell-Pope","DEN",76,2381,125,20,47,10,2,1,9,0.07313432835820896,0.13428571428571429,0.00625
"P.J. Washington","CHA",73,2380,174,0,84,23,1,0,13,0.08173076923076923,0.13747954173486088,0.002331002331002331
"Jalen Brunson","NYK",68,2379,392,15,164,50,7,1,42,0.1300380228136882,0.1661600810536981,0.021341463414634148
"Brook Lopez","MIL",78,2373,190,0,103,41,1,1,12,0.10822060353798127,0.17252931323283083,0.0027472527472527475
"Josh Giddey","OKC",76,2367,145,0,81,31,0,0,7,0.06934931506849315,0.0867237687366167,0
"Reggie Bullock","DAL",78,2364,37,10,2,0,1,1,9,0.006355932203389831,0.02666666666666667,0.0025188916876574307
"Immanuel Quickley","NYK",81,2344,248,12,113,34,5,0,16,0.11568627450980393,0.2014260249554367,0.010893246187363835
"Tyler Herro","MIA",67,2336,182,9,70,15,10,1,11,0.06581196581196581,0.11164274322169059,0.01289134438305709
"Nikola Jokic","DEN",69,2323,415,8,183,64,1,0,54,0.16112084063047286,0.1844758064516129,0.006666666666666667
"Patrick Williams","CHI",82,2323,105,0,49,10,1,0,6,0.0697350069735007,0.11161731207289294,0.0035971223021582736
"Derrick White","BOS",82,2319,192,1,94,28,3,0,11,0.11729141475211609,0.21709006928406466,0.007614213197969543
"Jaden Ivey","DET",74,2304,356,0,169,33,1,0,24,0.15178571428571427,0.21976592977893367,0.002849002849002849
"D'Angelo Russell","LAL",71,2304,216,15,76,15,2,0,27,0.0771513353115727,0.1464354527938343,0.0040650406504065045
"Draymond Green","GSW",73,2297,108,0,47,13,0,0,13,0.09251968503937008,0.1246684350132626,0
"Kenyon Martin Jr.","HOU",82,2292,222,0,119,30,0,0,8,0.14709517923362175,0.20067453625632378,0
"Joel Embiid","PHI",66,2284,771,22,360,77,2,0,51,0.22442653440793553,0.25513819985825653,0.009900990099009901
"Bruce Brown","DEN",80,2280,153,1,79,25,0,0,10,0.09937106918238994,0.14602587800369685,0
"Klay Thompson","GSW",69,2279,132,4,50,9,3,2,17,0.04095826893353941,0.08896797153024912,0.004098360655737705
"Jalen Williams","OKC",75,2276,191,0,100,26,0,0,9,0.1152073732718894,0.15082956259426847,0
"Lauri Markkanen","UTA",66,2273,399,10,152,42,16,2,43,0.13238770685579196,0.20430107526881722,0.030476190476190476
"Luguentz Dort","OKC",74,2272,259,7,120,23,0,0,17,0.12371134020618557,0.21390374331550802,0
"Max Strus","MIA",80,2272,89,4,22,6,12,2,8,0.041666666666666664,0.09053497942386832,0.020942408376963352
"Nic Claxton","BKN",76,2271,246,0,119,35,0,0,21,0.17734724292101342,0.17787742899850523,0
"Jerami Grant","POR",63,2246,342,2,151,34,14,6,21,0.15814850530376084,0.22503725782414308,0.03551912568306011
"Kyrie Irving","DAL",60,2240,273,24,106,31,10,4,25,0.08963367108339829,0.13554987212276215,0.017964071856287425
"Kyle Kuzma","WAS",64,2239,237,0,116,29,4,0,11,0.09732360097323602,0.15508021390374332,0.008247422680412371
"Caris LeVert","CLE",74,2237,180,3,75,14,7,3,11,0.10049627791563276,0.15657620041753653,0.01834862385321101
"Bennedict Mathurin","IND",78,2222,454,17,215,52,7,2,22,0.19839142091152814,0.26741293532338306,0.022222222222222223
"Terry Rozier","CHA",63,2221,220,17,88,22,5,1,16,0.0739268680445151,0.11748998664886515,0.009823182711198428
"Jarrett Allen","CLE",68,2220,221,0,100,20,0,0,21,0.141643059490085,0.14367816091954022,0
"Dillon Brooks","MEM",73,2214,154,10,68,17,3,1,10,0.06711409395973154,0.11276948590381426,0.004545454545454545
"Kevin Huerter","SAC",75,2203,131,15,48,12,2,0,13,0.05530973451327434,0.12244897959183673,0.00390625
"Jrue Holiday","MIL",67,2183,177,8,69,17,0,0,24,0.0641860465116279,0.10391566265060241,0
"Alperen Sengun","HOU",75,2171,288,0,124,42,0,0,41,0.14074914869466515,0.15048543689320387,0
"Anfernee Simons","POR",62,2171,179,9,61,17,8,1,21,0.06295620437956205,0.1157495256166983,0.014059753954305799
"Ivica Zubac","LAC",76,2170,238,0,110,18,0,0,19,0.18151815181518152,0.18211920529801323,0
"Killian Hayes","DET",76,2154,112,13,34,6,3,0,15,0.04373522458628842,0.06104129263913824,0.010380622837370242
"Tim Hardaway Jr.","DAL",71,2152,165,2,51,13,18,4,13,0.07469342251950947,0.15223880597014924,0.028469750889679714
"De'Anthony Melton","PHI",77,2150,87,0,29,5,2,0,14,0.04437869822485207,0.10661764705882353,0.0024752475247524753
"Rudy Gobert","MIN",70,2148,340,0,165,45,0,0,29,0.24774774774774774,0.248868778280543,0
"Jimmy Butler","MIA",64,2138,555,34,245,61,3,0,41,0.23069767441860464,0.2528379772961816,0.02830188679245283
"James Harden","PHI",58,2135,361,20,126,27,25,9,31,0.15690376569037656,0.24091778202676864,0.05542725173210162
"Jamal Murray","DEN",65,2133,216,26,62,9,3,0,35,0.059252506836827715,0.09365558912386707,0.006896551724137931
"John Collins","ATL",71,2130,178,4,91,21,0,0,7,0.11711711711711711,0.16945996275605213,0
"Saddiq Bey","ATL",77,2129,238,7,117,26,5,1,5,0.1310418904403867,0.22986247544204322,0.011848341232227487
"Russell Westbrook","LAC",73,2126,314,0,141,33,3,1,25,0.1307901907356948,0.17343173431734318,0.010416666666666666
"De'Andre Hunter","ATL",67,2126,207,2,99,21,2,0,12,0.11197339246119734,0.16123778501628663,0.006944444444444444
"Quentin Grimes","NYK",71,2121,98,0,39,9,6,4,10,0.06951026856240126,0.17333333333333334,0.012254901960784314
"Kristaps Porzingis","WAS",65,2120,416,9,174,51,1,0,55,0.1532399299474606,0.22165605095541402,0.0028011204481792717
"Gary Trent Jr.","TOR",66,2118,205,10,72,18,14,4,20,0.08608608608608609,0.13358070500927643,0.030434782608695653
"Damian Lillard","POR",58,2107,558,25,177,40,26,4,76,0.14915503306392358,0.2599118942731278,0.03823529411764706
"Ayo Dosunmu","CHI",80,2098,82,0,41,10,2,0,2,0.07131011608623548,0.09951456310679611,0.010471204188481676
"Corey Kispert","WAS",74,2093,88,4,35,6,4,2,8,0.0633116883116883,0.15217391304347827,0.010362694300518135
"Malik Beasley","LAL",81,2093,65,11,21,7,5,3,5,0.02728226652675761,0.07167235494880546,0.007575757575757576
"Caleb Martin","MIA",71,2078,113,0,49,10,1,0,11,0.08503401360544217,0.1396011396011396,0.004219409282700422
"Andrew Nembhard","IND",75,2074,62,1,25,12,0,0,12,0.0380517503805175,0.06345177664974619,0
"Keldon Johnson","SAS",63,2063,327,8,171,57,4,1,10,0.14227642276422764,0.20853658536585365,0.00975609756097561
"Aaron Gordon","DEN",68,2055,314,0,149,31,1,0,22,0.1695108077360637,0.21104815864022664,0
"Mason Plumlee","LAC",79,2053,313,0,151,38,0,0,26,0.2529313232830821,0.2529313232830821,0
"Grant Williams","BOS",79,2045,122,0,48,12,0,0,16,0.09375,0.2171945701357466,0
"Deandre Ayton","PHX",67,2036,200,0,96,24,0,0,16,0.10010427528675704,0.10267379679144385,0
"Mike Conley","MIN",67,2028,169,10,51,13,10,2,22,0.09298780487804878,0.1717171717171717,0.027855153203342618
"Kevin Porter Jr.","HOU",59,2024,264,7,98,29,19,2,20,0.12061855670103093,0.17253521126760563,0.0472636815920398
"Giannis Antetokounmpo","MIL",63,2024,772,0,384,98,0,0,47,0.24552429667519182,0.2756640344580043,0
"Deni Avdija","WAS",76,2020,165,0,78,21,0,0,15,0.12264150943396226,0.19306930693069307,0
"Tyrese Maxey","PHI",60,2016,213,3,106,32,2,1,12,0.10931174089068826,0.1715210355987055,0.005405405405405406
"Dorian Finney-Smith","BKN",66,2009,59,0,26,8,1,0,6,0.051923076923076926,0.143646408839779,0.0029498525073746312
"Jordan Clarkson","UTA",61,1988,245,7,75,20,26,5,24,0.08959276018099548,0.11961722488038277,0.0502092050209205
"Dennis Schroder","LAL",66,1986,252,17,84,19,2,1,40,0.12011173184357542,0.17142857142857143,0.008849557522123894
"Tre Jones","SAS",68,1984,172,7,71,20,0,0,23,0.08942065491183879,0.11163522012578617,0
"Grayson Allen","MIL",72,1972,126,16,42,6,2,0,13,0.07394957983193277,0.18502202643171806,0.005434782608695652
"Jonas Valanciunas","NOP",79,1968,224,0,108,24,0,0,15,0.12,0.13653603034134007,0
"Eric Gordon","LAC",69,1965,173,12,66,20,6,0,17,0.10212765957446808,0.1924198250728863,0.016574585635359115
"Kevon Looney","GSW",82,1958,155,0,77,19,0,0,10,0.17420814479638008,0.1746031746031746,0
"Marcus Smart","BOS",61,1957,118,0,44,11,4,0,15,0.07511737089201878,0.15017064846416384,0.011560693641618497
"Kyle Anderson","MIN",69,1957,136,1,66,16,1,0,9,0.1227106227106227,0.15,0.009433962264150943
"LeBron James","LAL",55,1954,327,10,168,60,2,0,19,0.12791572610985705,0.17684210526315788,0.005277044854881266
"Herbert Jones","NOP",66,1951,161,1,76,18,0,0,13,0.13595706618962433,0.19387755102040816,0
"Ja Morant","MEM",61,1948,497,6,231,62,3,0,40,0.16883116883116883,0.21329639889196675,0.009900990099009901
"Torrey Craig","PHX",79,1948,45,0,21,5,0,0,4,0.040697674418604654,0.07984790874524715,0
"Kelly Olynyk","UTA",68,1942,232,3,87,28,3,1,39,0.14563106796116504,0.22894736842105262,0.012605042016806723
"Stephen Curry","GSW",56,1941,281,18,88,26,26,11,30,0.09421487603305785,0.15827338129496402,0.039755351681957186
"Tyus Jones","MEM",80,1940,100,11,28,7,2,0,18,0.03961748633879782,0.0691358024691358,0.0030581039755351682
"Paul George","LAC",56,1939,294,24,109,23,6,0,28,0.10492700729927007,0.16415662650602408,0.013888888888888888
"Al Horford","BOS",63,1921,21,0,10,5,0,0,3,0.02066115702479339,0.06289308176100629,0
"P.J. Tucker","PHI",75,1920,23,0,5,2,1,0,6,0.026200873362445413,0.056818181818181816,0.0070921985815602835
"Jalen McDaniels","PHI",80,1913,138,0,72,24,2,0,6,0.11094452773613193,0.16628175519630484,0.008547008547008548
"Jakob Poeltl","TOR",72,1906,201,0,93,25,0,0,18,0.13556851311953352,0.13576642335766423,0
"Anthony Davis","LAL",56,1905,444,8,197,49,2,0,41,0.1782178217821782,0.19015444015444016,0.013333333333333334
"Donte DiVincenzo","GSW",72,1894,71,0,26,6,1,0,10,0.0481283422459893,0.14285714285714285,0.002638522427440633
"Bojan Bogdanovic","DET",59,1893,303,24,83,18,11,3,52,0.09842931937172775,0.13973063973063973,0.030470914127423823
"Chris Paul","PHX",59,1889,160,16,22,3,4,1,47,0.03768115942028986,0.051643192488262914,0.015151515151515152
"Tyrese Haliburton","IND",56,1883,201,5,87,37,5,0,23,0.10267857142857142,0.17791411042944785,0.012285012285012284
"Jarred Vanderbilt","LAL",78,1880,139,0,61,11,0,0,13,0.1217564870259481,0.14841849148418493,0
"Terance Mann","LAC",81,1872,118,0,61,16,0,0,6,0.10720562390158173,0.16442048517520216,0
"Troy Brown Jr.","LAL",76,1860,39,0,18,5,0,0,4,0.03765690376569038,0.09137055837563451,0
"Onyeka Okongwu","ATL",80,1849,196,0,92,22,0,0,17,0.16225749559082892,0.16606498194945848,0
"Austin Reaves","LAL",64,1843,265,10,110,35,8,4,25,0.20738137082601055,0.3151862464183381,0.03636363636363636
"Desmond Bane","MEM",58,1842,205,17,77,28,1,0,32,0.0788675429726997,0.13253012048192772,0.0024509803921568627
"Devin Booker","PHX",53,1835,358,22,148,47,8,3,38,0.1329923273657289,0.17370892018779344,0.024922118380062305
"Myles Turner","IND",62,1825,276,0,129,32,1,0,24,0.15643802647412755,0.22203098106712565,0.004
"Marcus Morris Sr.","LAC",65,1825,87,0,27,7,5,2,12,0.04804804804804805,0.07605633802816901,0.01607717041800643
"Bobby Portis","MIL",70,1819,125,0,51,11,0,0,16,0.060498220640569395,0.08703071672354949,0
"Patrick Beverley","CHI",67,1817,65,0,21,5,0,0,14,0.05585106382978723,0.15328467153284672,0
"Aaron Nesmith","IND",73,1816,142,1,57,11,4,1,13,0.09404388714733543,0.17701863354037267,0.00949367088607595
"Jevon Carter","MIL",81,1812,38,6,10,2,0,0,7,0.017452006980802792,0.0423728813559322,0
"Michael Porter Jr.","DEN",62,1798,120,3,53,13,5,2,8,0.06744186046511629,0.1315136476426799,0.010940919037199124
"Naji Marshall","NOP",77,1792,175,4,82,25,1,0,16,0.13195548489666137,0.2,0.0045662100456621
"Jaren Jackson Jr.","MEM",63,1787,306,0,151,30,3,1,14,0.16296296296296298,0.22844175491679275,0.01056338028169014
"Shaedon Sharpe","POR",80,1779,105,2,48,11,0,0,9,0.07007299270072993,0.11940298507462686,0
"Markelle Fultz","ORL",60,1778,143,0,55,19,0,0,26,0.07692307692307693,0.0875796178343949,0
"Tari Eason","HOU",82,1767,145,2,81,21,0,0,1,0.1125,0.1478102189781022,0
"Gabe Vincent","MIA",68,1759,78,0,27,10,6,2,10,0.05612244897959184,0.11538461538461539,0.01694915254237288
"Kawhi Leonard","LAC",52,1748,279,9,119,32,4,1,27,0.1279916753381894,0.16807909604519775,0.015810276679841896
"Malcolm Brogdon","BOS",67,1744,184,2,81,17,1,0,17,0.1028858218318695,0.1623246492985972,0.003355704697986577
"Christian Wood","DAL",67,1738,281,1,123,36,10,2,22,0.15295480880648898,0.21317157712305027,0.03146853146853147
"Coby White","CHI",74,1730,70,2,31,12,2,0,7,0.05365853658536585,0.11524163568773234,0.005780346820809248
"Clint Capela","ATL",65,1730,131,0,69,17,0,0,5,0.11734693877551021,0.11754684838160136,0
"Malik Monk","SAC",77,1719,207,18,81,18,0,0,24,0.09429569266589057,0.175704989154013,0
"Kyle Lowry","MIA",55,1718,135,3,48,14,8,4,17,0.10707456978967496,0.22966507177033493,0.025477707006369428
"Nicolas Batum","LAC",78,1709,48,0,16,3,4,2,6,0.050505050505050504,0.2077922077922078,0.012539184952978056
"Walker Kessler","UTA",74,1703,159,0,70,23,0,0,19,0.15184381778741865,0.15283842794759825,0
"Monte Morris","WAS",62,1696,77,4,27,9,3,2,12,0.056179775280898875,0.08206686930091185,0.014634146341463415
"Wendell Carter Jr.","ORL",57,1690,195,0,78,17,0,0,26,0.11572700296735905,0.17371937639198218,0
"Santi Aldama","MEM",77,1682,144,0,44,12,4,0,26,0.0855614973262032,0.15120274914089346,0.014814814814814815
"Bradley Beal","WAS",50,1673,228,16,99,25,6,1,13,0.1087866108786611,0.13506139154160982,0.02242152466367713
"Kevin Durant","PHX",47,1672,334,11,126,43,13,5,44,0.1458551941238195,0.17622377622377622,0.0546218487394958
"Jalen Duren","DET",67,1670,157,0,77,17,0,0,10,0.16812227074235808,0.16885964912280702,0
"Reggie Jackson","DEN",68,1657,78,1,33,12,1,0,9,0.0513595166163142,0.08847184986595175,0.0034602076124567475
"Isaac Okoro","CLE",76,1652,103,0,57,15,0,0,2,0.14393939393939395,0.25333333333333335,0
"Isaiah Hartenstein","NYK",82,1628,71,0,32,13,1,0,9,0.09510086455331412,0.10355987055016182,0.02631578947368421
"Daniel Gafford","WAS",78,1604,187,0,97,36,0,0,14,0.21271929824561403,0.21271929824561403,0
"Mitchell Robinson","NYK",59,1589,122,0,58,8,0,0,7,0.17575757575757575,0.17575757575757575,0
"Drew Eubanks","POR",78,1584,125,0,51,12,0,0,18,0.13672922252010725,0.14366197183098592,0
"Gordon Hayward","CHA",50,1577,159,1,82,25,0,0,11,0.12852664576802508,0.17154811715481172,0
"Alex Caruso","CHI",67,1575,73,0,34,7,0,0,6,0.10862619808306709,0.20987654320987653,0
"Shake Milton","PHI",76,1567,116,1,57,14,1,0,6,0.10603290676416818,0.14321608040201006,0.006711409395973154
"Norman Powell","LAC",60,1567,277,2,115,19,6,0,24,0.14901477832512317,0.22157996146435452,0.020477815699658702
"Cole Anthony","ORL",60,1552,170,13,75,18,1,1,14,0.11394302848575712,0.16268980477223427,0.0048543689320388345
"Malaki Branham","SAS",66,1550,70,1,35,8,0,0,4,0.054858934169279,0.09138381201044386,0
"Cedi Osman","CLE",77,1548,108,0,40,12,4,0,13,0.07829181494661921,0.16260162601626016,0.012658227848101266
"Kelly Oubre Jr.","CHA",48,1548,208,5,102,36,5,1,12,0.1203599550056243,0.18681318681318682,0.014577259475218658
"Josh Green","DAL",60,1539,94,0,49,13,1,1,4,0.11961722488038277,0.19678714859437751,0.005917159763313609
"Brandon Ingram","NOP",45,1538,272,9,117,29,2,0,26,0.12864864864864864,0.1541501976284585,0.012048192771084338
"Josh Richardson","NOP",65,1530,81,9,25,7,2,2,13,0.0472027972027972,0.08960573476702509,0.006825938566552901
"Joe Harris","BKN",74,1527,28,2,6,1,5,2,2,0.024553571428571428,0.05357142857142857,0.01488095238095238
"T.J. McConnell","IND",75,1526,68,0,32,16,0,0,10,0.0595903165735568,0.06694560669456066,0
"Chris Boucher","TOR",76,1523,168,0,75,19,1,0,18,0.1296928327645051,0.1893939393939394,0.005263157894736842
"Georges Niang","PHI",78,1512,45,1,17,7,3,1,4,0.038910505836575876,0.1328125,0.007772020725388601
"Bogdan Bogdanovic","ATL",54,1508,77,7,27,1,5,1,2,0.0499219968798752,0.09747292418772563,0.013736263736263736
"Damion Lee","PHX",74,1506,104,6,26,4,3,1,23,0.06092436974789916,0.1145374449339207,0.012048192771084338
"Bol Bol","ORL",70,1505,108,0,51,15,4,1,6,0.10638297872340426,0.12718204488778054,0.034482758620689655
"John Konchar","MEM",72,1494,36,0,20,9,1,0,1,0.06325301204819277,0.12987012987012986,0.0056179775280898875
"Rui Hachimura","LAL",63,1466,119,1,57,14,0,0,7,0.09090909090909091,0.12205567451820129,0
"Dwight Powell","DAL",76,1458,168,0,69,16,0,0,22,0.21428571428571427,0.21766561514195584,0
"Jeremy Sochan","SAS",56,1458,116,0,62,18,0,0,5,0.1040268456375839,0.1341991341991342,0
"Keita Bates-Diop","SAS",67,1452,150,1,82,23,2,0,1,0.1596958174904943,0.21465968586387435,0.013888888888888888
"Davion Mitchell","SAC",80,1447,31,0,16,9,0,0,4,0.03940886699507389,0.07655502392344497,0
"Pat Connaughton","MIL",61,1443,41,0,14,3,3,2,6,0.03926096997690531,0.12727272727272726,0.009287925696594427
"Zach Collins","SAS",63,1441,142,0,60,16,0,0,18,0.10135135135135136,0.1348314606741573,0
"Isaiah Stewart","DET",50,1414,149,0,64,11,0,0,16,0.12955465587044535,0.22145328719723184,0
"AJ Griffin","ATL",72,1401,47,0,22,4,1,0,2,0.041666666666666664,0.07534246575342465,0.0038461538461538464
"Isaiah Joe","OKC",73,1395,100,5,25,7,11,1,11,0.06716417910447761,0.1893939393939394,0.027227722772277228
"Jonathan Kuminga","GSW",67,1394,138,0,65,13,0,0,9,0.11839708561020036,0.16129032258064516,0
"Jusuf Nurkic","POR",52,1391,192,0,95,32,0,0,17,0.16725352112676056,0.21158129175946547,0
"Dennis Smith Jr.","CHA",54,1390,106,0,45,5,1,0,9,0.09330628803245436,0.11811023622047244,0.008928571428571428
"Larry Nance Jr.","NOP",65,1381,79,0,35,9,0,0,9,0.10574018126888217,0.12110726643598616,0
"Josh Okogie","PHX",72,1350,192,0,82,6,2,1,15,0.1710794297352342,0.27986348122866894,0.010101010101010102
"Devonte' Graham","SAS",73,1338,131,6,42,5,8,3,14,0.10570824524312897,0.3230769230769231,0.023323615160349854
"Terrence Ross","PHX",63,1330,34,2,13,3,3,2,2,0.03361344537815126,0.059907834101382486,0.011583011583011582
"Luke Kennard","MEM",59,1315,39,5,11,2,2,2,7,0.03324808184143223,0.09016393442622951,0.007434944237918215
"Doug McDermott","SAS",64,1314,70,3,21,7,7,0,6,0.051470588235294115,0.08786610878661087,0.022950819672131147
"Talen Horton-Tucker","UTA",65,1313,168,3,78,21,0,0,14,0.11641791044776119,0.1670235546038544,0
"Jose Alvarado","NOP",61,1310,80,4,30,5,3,0,5,0.06382978723404255,0.11235955056179775,0.012
"Aaron Wiggins","OKC",70,1297,71,0,40,11,0,0,1,0.10204081632653061,0.14814814814814814,0
"Lonnie Walker IV","LAL",56,1297,106,2,49,9,2,1,6,0.0897887323943662,0.1540880503144654,0.008
"Sam Hauser","BOS",80,1290,17,0,6,1,0,0,2,0.014962593516209476,0.09090909090909091,0
"Jalen Smith","IND",68,1279,137,0,68,19,0,0,10,0.12208258527827648,0.18579234972677597,0
"LaMelo Ball","CHA",36,1268,122,15,38,8,2,1,20,0.05319148936170213,0.10326086956521739,0.005208333333333333
"David Roddy","MEM",70,1258,65,0,32,7,0,0,4,0.07191011235955057,0.13733905579399142,0
"Jaylen Nowell","MIN",65,1252,99,3,50,17,1,1,7,0.07750759878419453,0.11737089201877934,0.004310344827586207
"Naz Reid","MIN",68,1251,127,0,61,19,0,0,12,0.09854604200323101,0.1517412935323383,0
"Trey Lyles","SAC",74,1247,124,0,57,16,0,0,13,0.12694877505567928,0.2727272727272727,0
"Jalen Suggs","ORL",53,1246,119,0,48,14,1,1,16,0.10251046025104603,0.17391304347826086,0.0049504950495049506
"Kevin Love","MIA",62,1240,91,2,25,4,5,3,16,0.06711409395973154,0.16778523489932887,0.016778523489932886
"Cory Joseph","DET",62,1227,72,3,25,5,1,0,12,0.06989247311827956,0.13089005235602094,0.0055248618784530384
"Delon Wright","WAS",50,1221,60,0,28,11,1,0,6,0.0935483870967742,0.14814814814814814,0.008264462809917356
"Nick Richards","CHA",65,1218,183,0,98,34,0,0,11,0.259946949602122,0.26063829787234044,0
"Seth Curry","BKN",61,1211,55,6,10,4,8,5,11,0.039301310043668124,0.04484304932735426,0.03404255319148936
"Ochai Agbaji","UTA",59,1209,69,0,29,4,3,0,3,0.07729468599033816,0.15846994535519127,0.012987012987012988
"Kenrich Williams","OKC",53,1206,39,0,21,5,0,0,0,0.058011049723756904,0.09210526315789473,0
"Matisse Thybulle","POR",71,1200,28,0,16,4,0,0,0,0.06037735849056604,0.13675213675213677,0
"Cameron Johnson","BKN",42,1200,120,1,47,16,2,0,15,0.09664694280078895,0.188,0.007782101167315175
"Isaiah Livers","DET",52,1199,39,2,10,2,5,0,2,0.04983388704318937,0.10752688172043011,0.02403846153846154
"Anthony Lamb","GSW",62,1195,60,0,21,8,2,0,10,0.06990881458966565,0.1640625,0.009950248756218905
"Taurean Prince","MIN",54,1192,77,5,36,12,2,1,4,0.09405940594059406,0.1722488038277512,0.010256410256410256
"Andrew Wiggins","GSW",37,1190,72,0,35,11,3,1,3,0.06846846846846846,0.10670731707317073,0.013215859030837005
"Jordan Nwora","IND",62,1188,86,0,49,17,1,1,2,0.10482180293501048,0.18421052631578946,0.004739336492890996
"Gary Harris","ORL",48,1184,30,2,10,2,2,1,3,0.0379746835443038,0.10309278350515463,0.0091324200913242
"Tre Mann","OKC",67,1183,55,8,28,9,0,0,0,0.05384615384615385,0.10646387832699619,0
"Trendon Watford","POR",62,1182,100,2,51,12,0,0,4,0.1408839779005525,0.17114093959731544,0
"Christian Braun","DEN",76,1181,64,0,31,10,0,0,6,0.1,0.14485981308411214,0
"Xavier Tillman","MEM",61,1180,89,0,45,12,0,0,6,0.13274336283185842,0.1388888888888889,0
"Devin Vassell","SAS",38,1178,100,5,42,11,6,1,3,0.0746031746031746,0.11666666666666667,0.018518518518518517
"Collin Sexton","UTA",48,1145,199,1,92,25,1,0,18,0.17350746268656717,0.22276029055690072,0.008130081300813009
"Precious Achiuwa","TOR",55,1140,124,0,59,15,0,0,11,0.13169642857142858,0.17352941176470588,0
"Steven Adams","MEM",42,1133,129,0,51,15,0,0,23,0.1705685618729097,0.17114093959731544,0
"Alec Burks","DET",51,1122,188,8,60,13,12,3,22,0.13980582524271845,0.2247191011235955,0.04838709677419355
"Lamar Stevens","CLE",62,1120,57,0,27,5,0,0,2,0.08709677419354839,0.12558139534883722,0
"Moritz Wagner","ORL",57,1109,182,0,91,22,0,0,10,0.1956989247311828,0.30132450331125826,0
"Victor Oladipo","MIA",42,1106,79,0,31,5,0,0,9,0.07226107226107226,0.14285714285714285,0
"Jordan Goodwin","WAS",62,1105,69,0,33,9,0,0,6,0.08753315649867374,0.1274131274131274,0
"Ben Simmons","BKN",42,1105,57,0,22,8,0,0,10,0.08835341365461848,0.08906882591093117,0
"Jeff Green","DEN",56,1091,117,0,59,12,1,1,5,0.16,0.2177121771217712,0.009615384615384616
"Brandon Clarke","MEM",56,1090,137,0,71,25,0,0,10,0.17974683544303796,0.18251928020565553,0
"Bones Hyland","LAC",56,1086,102,11,32,7,2,1,16,0.05695142378559464,0.11387900355871886,0.006329113924050633
"Oshae Brissett","IND",65,1083,145,0,63,7,5,1,7,0.17506631299734748,0.2863636363636364,0.01910828025477707
"Thomas Bryant","DEN",59,1081,126,0,65,18,0,0,6,0.15625,0.18207282913165265,0
"Obi Toppin","NYK",67,1050,47,1,22,2,1,1,2,0.05239179954441914,0.11458333333333333,0.004048582995951417
"Joe Ingles","MIL",46,1044,21,0,3,1,2,0,5,0.01984126984126984,0.06382978723404255,0.00975609756097561
"Isaiah Jackson","IND",63,1042,146,0,70,17,0,0,12,0.18867924528301888,0.19607843137254902,0
"Dyson Daniels","NOP",59,1042,40,0,13,6,0,0,10,0.06046511627906977,0.10077519379844961,0
"Jalen Johnson","ATL",70,1042,78,0,43,12,0,0,2,0.12181303116147309,0.17269076305220885,0
"Wenyen Gabriel","LAL",68,1024,84,0,41,16,0,0,8,0.14385964912280702,0.1646586345381526,0
"Austin Rivers","MIN",52,1016,39,0,20,5,0,0,2,0.08928571428571429,0.19801980198019803,0
"Hamidou Diallo","DET",56,996,148,0,77,20,0,0,7,0.17824074074074073,0.1873479318734793,0
"Will Barton","TOR",56,993,47,2,17,3,1,0,6,0.047619047619047616,0.08585858585858586,0.005555555555555556
"Marvin Bagley III","DET",42,990,108,0,51,12,0,0,9,0.12114014251781473,0.14366197183098592,0
"Cam Reddish","POR",40,990,75,0,41,11,0,0,2,0.11988304093567251,0.20707070707070707,0
"Jock Landale","PHX",69,979,105,0,48,14,0,0,12,0.1293800539083558,0.1672473867595819,0
"Nassir Little","POR",54,976,46,0,22,6,0,0,4,0.06896551724137931,0.13664596273291926,0
"Usman Garuba","HOU",75,970,47,0,18,5,0,0,8,0.09473684210526316,0.13740458015267176,0
"Haywood Highsmith","MIA",54,969,28,0,10,1,1,0,3,0.048672566371681415,0.08620689655172414,0.00909090909090909
"JT Thor","CHA",69,969,47,0,17,2,2,0,5,0.07450980392156863,0.13076923076923078,0.016
"Cameron Payne","PHX",48,968,64,1,27,3,4,2,2,0.06471816283924843,0.09246575342465753,0.0213903743315508
"Kendrick Nunn","WAS",70,963,41,4,16,3,1,0,3,0.036637931034482756,0.06666666666666667,0.004464285714285714
"Karl-Anthony Towns","MIN",29,957,135,1,58,15,1,0,15,0.125,0.18892508143322476,0.006060606060606061
"Zion Williamson","NOP",29,956,248,0,127,35,0,0,13,0.22638146167557932,0.23431734317343172,0
"Kevin Knox II","POR",63,952,60,2,25,5,0,0,7,0.07102272727272728,0.15060240963855423,0
"Cam Thomas","BKN",57,948,174,2,67,16,9,2,16,0.14785992217898833,0.17914438502673796,0.06428571428571428
"Mike Muscala","BOS",63,945,52,1,16,1,2,0,6,0.05825242718446602,0.16,0.009569377990430622
"Maxi Kleber","DAL",37,930,38,0,12,2,1,0,6,0.07222222222222222,0.1791044776119403,0.008849557522123894
"Yuta Watanabe","BKN",58,928,47,0,24,3,0,0,1,0.09486166007905138,0.2033898305084746,0
"Ish Wainright","PHX",60,915,31,1,11,1,0,0,5,0.046413502109704644,0.171875,0
"Daishen Nix","HOU",57,914,36,0,15,2,0,0,4,0.06,0.13636363636363635,0
"Jaylin Williams","OKC",49,914,54,0,26,4,0,0,2,0.1015625,0.18181818181818182,0
"Chris Duarte","IND",46,897,72,1,29,7,4,0,4,0.0893854748603352,0.16022099447513813,0.01694915254237288
"Derrick Jones Jr.","CHI",64,893,84,0,40,11,1,0,6,0.1576923076923077,0.22346368715083798,0.012345679012345678
"Dean Wade","CLE",44,891,23,0,12,4,1,0,0,0.06989247311827956,0.20689655172413793,0.0078125
"Vlatko Cancar","DEN",60,889,41,0,22,7,0,0,2,0.09090909090909091,0.1732283464566929,0
"Nickeil Alexander-Walker","MIN",59,884,60,0,21,6,4,0,6,0.07961783439490445,0.1390728476821192,0.024539877300613498
"Bismack Biyombo","PHX",61,874,70,0,32,11,0,0,8,0.14096916299559473,0.14096916299559473,0
"Goran Dragic","MIL",58,870,45,0,22,4,1,1,2,0.06515580736543909,0.10576923076923077,0.006896551724137931
"James Wiseman","DET",45,867,97,0,44,7,0,0,8,0.11702127659574468,0.12359550561797752,0
"Theo Maledon","CHA",44,854,74,2,30,9,0,0,11,0.10909090909090909,0.16666666666666666,0
"Andre Drummond","CHI",67,849,125,0,65,14,0,0,5,0.2,0.20186335403726707,0
"Aaron Holiday","ATL",63,845,32,1,13,5,0,0,5,0.05701754385964912,0.09285714285714286,0
"Romeo Langford","SAS",43,844,56,0,28,6,0,0,3,0.099644128113879,0.12727272727272726,0
"Terence Davis","SAC",64,841,43,1,21,4,0,0,2,0.05511811023622047,0.15217391304347827,0
"George Hill","IND",46,833,55,3,9,1,3,0,11,0.06779661016949153,0.11392405063291139,0.030612244897959183
"Mark Williams","CHA",43,828,97,0,48,11,0,0,6,0.16666666666666666,0.16666666666666666,0
"Robert Williams III","BOS",35,824,41,0,22,9,0,0,3,0.12021857923497267,0.12087912087912088,0
"Wesley Matthews","MIL",52,820,28,0,10,0,0,0,4,0.058823529411764705,0.21739130434782608,0
"Moses Moody","GSW",63,817,53,0,27,10,3,2,2,0.12244897959183673,0.24770642201834864,0.022058823529411766
"Ty Jerome","GSW",45,816,41,1,23,8,0,0,1,0.08949416342412451,0.1377245508982036,0
"Rudy Gay","UTA",56,816,49,2,20,3,2,0,2,0.0718954248366013,0.11494252873563218,0.015151515151515152
"Jeremiah Robinson-Earl","OKC",43,814,42,0,22,2,0,0,0,0.08208955223880597,0.14012738853503184,0
"Jericho Sims","NYK",52,812,16,0,8,4,0,0,2,0.07207207207207207,0.07272727272727272,0
"Caleb Houstan","ORL",51,812,18,0,5,1,1,0,3,0.03208556149732621,0.1,0.0072992700729927005
"Danuel House Jr.","PHI",56,807,60,0,28,6,2,0,2,0.13574660633484162,0.25688073394495414,0.017857142857142856
"Landry Shamet","PHX",40,807,51,1,11,0,5,3,10,0.051118210862619806,0.09821428571428571,0.024875621890547265
"Dario Saric","OKC",57,806,76,0,42,18,0,0,5,0.13953488372093023,0.22580645161290322,0
"Luke Kornet","BOS",69,804,39,0,18,5,0,0,4,0.09836065573770492,0.10588235294117647,0
"Christian Koloko","TOR",58,802,59,0,25,3,0,0,6,0.14534883720930233,0.15625,0
"Khris Middleton","MIL",33,801,102,7,35,11,5,0,12,0.08986175115207373,0.13059701492537312,0.024096385542168676
"JaMychal Green","GSW",57,797,67,0,36,9,0,0,2,0.12903225806451613,0.21428571428571427,0
"Thaddeus Young","TOR",54,795,26,0,14,4,0,0,1,0.0673076923076923,0.08045977011494253,0
"Bryce McGowens","CHA",46,787,80,0,39,9,1,1,5,0.1724137931034483,0.2565789473684211,0.0125
"Josh Christopher","HOU",64,786,60,0,27,7,1,0,5,0.08,0.10384615384615385,0.011111111111111112
"Robert Covington","LAC",48,779,40,0,16,2,2,0,2,0.07346938775510205,0.14953271028037382,0.014492753623188406
"Justise Winslow","POR",29,776,28,0,12,0,0,0,2,0.05714285714285714,0.07272727272727272,0
"Mo Bamba","LAL",49,768,62,0,28,8,0,0,8,0.10727969348659004,0.20437956204379562,0
"Simone Fontecchio","UTA",52,766,44,0,15,2,4,1,3,0.057926829268292686,0.11194029850746269,0.020618556701030927
"Miles McBride","NYK",64,760,42,0,14,2,0,0,8,0.06167400881057269,0.15053763440860216,0
"Paul Reed","PHI",69,755,51,0,27,7,0,0,1,0.11790393013100436,0.1210762331838565,0
"John Wall","LAC",34,755,113,0,59,13,0,0,4,0.15364583333333334,0.21454545454545454,0
"R.J. Hampton","DET",47,750,76,0,35,8,2,0,4,0.13909774436090225,0.23648648648648649,0.01694915254237288
"Edmond Sumner","BKN",53,736,108,0,55,13,1,1,4,0.18006430868167203,0.24553571428571427,0.011494252873563218
"Zeke Nnaji","DEN",53,728,62,0,25,5,0,0,9,0.11574074074074074,0.16556291390728478,0
"Jaden Hardy","DAL",48,708,79,2,30,7,0,0,12,0.08426966292134831,0.15,0
"Justin Holiday","DAL",46,706,8,0,3,1,1,0,0,0.01932367149758454,0.047619047619047616,0.006944444444444444
"Aleksej Pokusevski","OKC",34,701,35,0,14,0,1,1,3,0.057034220532319393,0.0880503144654088,0.009615384615384616
"MarJon Beauchamp","MIL",52,700,37,0,17,2,1,0,1,0.0694980694980695,0.14655172413793102,0.006993006993006993
"Juan Toscano-Anderson","UTA",52,700,24,0,9,2,0,0,4,0.06,0.08411214953271028,0
"Malachi Flynn","TOR",53,691,33,0,12,3,1,1,6,0.05179282868525897,0.1016949152542373,0.007518796992481203
"Duncan Robinson","MIA",42,690,32,1,6,3,5,1,6,0.045081967213114756,0.125,0.025510204081632654
"Chimezie Metu","SAC",66,689,73,0,35,8,0,0,6,0.14227642276422764,0.16826923076923078,0
"T.J. Warren","PHX",42,687,35,0,17,6,1,1,3,0.06405693950177936,0.0794392523364486,0.014925373134328358
"Garrison Mathews","ATL",54,686,53,4,9,1,10,1,2,0.08294930875576037,0.3103448275862069,0.047872340425531915
"Montrezl Harrell","PHI",57,681,101,0,55,17,0,0,4,0.22267206477732793,0.22821576763485477,0
"Jordan McLaughlin","MIN",43,678,18,1,7,1,0,0,2,0.046357615894039736,0.0958904109589041,0
"Jae'Sean Tate","HOU",31,678,69,0,29,9,0,0,10,0.11646586345381527,0.14285714285714285,0
"Blake Wesley","SAS",37,669,44,0,18,3,1,0,4,0.08225108225108226,0.10112359550561797,0.018867924528301886
"Sandro Mamukelashvili","SAS",43,661,57,0,26,5,0,0,5,0.10358565737051793,0.17105263157894737,0
"Eugene Omoruyi","DET",40,645,75,0,31,8,1,0,9,0.12698412698412698,0.19135802469135801,0.011111111111111112
"Payton Pritchard","BOS",48,643,16,1,7,1,0,0,1,0.027888446215139442,0.07216494845360824,0
"Amir Coffey","LAC",50,625,63,0,29,5,0,0,5,0.17159763313609466,0.2248062015503876,0
"Anthony Gill","WAS",59,625,67,0,29,8,1,0,7,0.19480519480519481,0.23387096774193547,0.03333333333333333
"Jabari Walker","POR",56,619,45,0,21,5,0,0,4,0.09813084112149532,0.13291139240506328,0
"Darius Bazley","PHX",43,616,70,0,38,6,0,0,0,0.17674418604651163,0.2345679012345679,0
"Juancho Hernangomez","TOR",42,614,16,0,8,2,0,0,1,0.06666666666666667,0.1509433962264151,0
"Jaxson Hayes","NOP",47,610,83,0,40,9,1,0,5,0.21808510638297873,0.25316455696202533,0.03333333333333333
"Frank Ntilikina","DAL",47,607,33,0,16,3,0,0,1,0.1103448275862069,0.20512820512820512,0
"DeAndre Jordan","DEN",39,586,48,0,24,6,0,0,3,0.18045112781954886,0.18181818181818182,0
"Blake Griffin","BOS",41,569,32,0,13,4,0,0,4,0.09352517985611511,0.1780821917808219,0
"Ousmane Dieng","OKC",39,569,23,0,12,3,0,0,1,0.06315789473684211,0.13043478260869565,0
"Kris Dunn","UTA",22,568,53,0,30,9,0,0,1,0.12658227848101267,0.14925373134328357,0
"Patty Mills","BKN",40,567,30,1,5,1,4,0,4,0.041474654377880185,0.06329113924050633,0.028985507246376812
"Ricky Rubio","CLE",33,566,35,0,14,2,0,0,5,0.07368421052631578,0.12962962962962962,0
"Ziaire Williams","MEM",37,561,22,0,12,4,0,0,1,0.058823529411764705,0.11214953271028037,0
"Day'Ron Sharpe","BKN",48,553,55,0,25,6,0,0,6,0.13157894736842105,0.13966480446927373,0
"Kai Jones","CHA",46,550,26,0,16,8,0,0,1,0.125,0.14678899082568808,0
"Lindy Waters III","OKC",41,531,20,2,4,0,3,0,1,0.03783783783783784,0.2,0.01818181818181818
"Rodney McGruder","DET",32,524,22,0,8,1,1,0,2,0.05625,0.12903225806451613,0.01020408163265306
"Chuma Okeke","ORL",27,518,21,0,9,1,0,0,2,0.06923076923076923,0.20454545454545456,0
"James Bouknight","CHA",34,515,30,0,14,2,0,0,2,0.06829268292682927,0.14583333333333334,0
"Max Christie","LAL",41,512,16,0,7,0,0,0,1,0.061946902654867256,0.13725490196078433,0
"Charles Bassey","SAS",35,508,37,0,17,5,0,0,4,0.11564625850340136,0.1223021582733813,0
"Raul Neto","CLE",48,505,34,0,11,2,0,0,7,0.09243697478991597,0.14285714285714285,0
"Davis Bertans","DAL",45,492,15,0,1,1,4,0,1,0.03048780487804878,0.05263157894736842,0.027586206896551724
"Taj Gibson","WAS",48,480,42,0,17,4,0,0,5,0.12318840579710146,0.14912280701754385,0
"Javonte Green","CHI",32,480,45,0,22,5,2,0,0,0.1889763779527559,0.24444444444444444,0.05405405405405406
"Damian Jones","UTA",41,477,29,0,13,1,0,0,1,0.1326530612244898,0.16049382716049382,0
"Isaiah Roby","SAS",42,474,41,1,21,6,0,0,2,0.12352941176470589,0.19090909090909092,0
"Stanley Johnson","SAS",30,469,39,0,19,7,0,0,4,0.1417910447761194,0.20212765957446807,0
"Svi Mykhailiuk","CHA",32,468,39,0,10,2,5,2,5,0.08152173913043478,0.12195121951219512,0.049019607843137254
"Evan Fournier","NYK",27,459,21,0,4,0,1,0,5,0.029239766081871343,0.07142857142857142,0.008695652173913044
"Willy Hernangomez","NOP",37,458,104,0,45,7,1,0,9,0.22115384615384615,0.22959183673469388,0.08333333333333333
"Kevon Harris","ORL",34,457,41,1,19,8,0,0,5,0.16101694915254236,0.25333333333333335,0
"Goga Bitadze","ORL",38,457,42,0,17,4,0,0,6,0.12318840579710146,0.15178571428571427,0
"Admiral Schofield","ORL",37,451,23,0,7,2,1,1,5,0.06299212598425197,0.1320754716981132,0.013513513513513514
"TyTy Washington Jr.","HOU",31,433,18,0,8,2,0,0,2,0.04819277108433735,0.09302325581395349,0
"Dewayne Dedmon","PHI",38,426,49,0,23,7,0,0,5,0.1377245508982036,0.1796875,0
"Orlando Robinson","MIA",31,425,31,0,14,3,0,0,2,0.14,0.14893617021276595,0
"Johnny Davis","WAS",28,423,27,1,14,4,0,0,1,0.07734806629834254,0.12612612612612611,0
"Keon Johnson","POR",40,416,41,0,18,3,0,0,4,0.09326424870466321,0.16071428571428573,0
"Jake LaRavia","MEM",35,414,9,0,5,1,0,0,0,0.050505050505050504,0.17857142857142858,0
"Dominick Barlow","SAS",28,408,25,0,12,5,0,0,3,0.12903225806451613,0.1348314606741573,0
"Bruno Fernando","ATL",39,405,50,0,23,4,0,0,4,0.17557251908396945,0.18110236220472442,0
"Cade Cunningham","DET",12,400,43,1,18,3,0,0,5,0.07531380753138076,0.10112359550561797,0
"Ish Smith","DEN",43,398,4,0,2,0,0,0,0,0.015037593984962405,0.01652892561983471,0
"Duane Washington Jr.","PHX",31,394,24,1,9,2,1,1,3,0.03802281368821293,0.05921052631578947,0.009009009009009009
"Kessler Edwards","SAC",35,386,15,0,4,1,0,0,4,0.041666666666666664,0.0975609756097561,0
"Saben Lee","PHX",25,374,57,0,25,3,0,0,5,0.17482517482517482,0.22123893805309736,0
"Gary Payton II","GSW",22,368,7,0,2,1,0,0,2,0.02857142857142857,0.045454545454545456,0
"Udoka Azubuike","UTA",36,359,20,0,9,2,0,0,2,0.11392405063291139,0.11392405063291139,0
"Gorgui Dieng","SAS",31,358,13,0,5,1,0,0,2,0.04132231404958678,0.10869565217391304,0
"Markieff Morris","DAL",35,355,10,0,3,0,0,0,0,0.025423728813559324,0.06382978723404255,0
"JaVale McGee","DAL",42,355,41,0,20,5,0,0,3,0.14285714285714285,0.14814814814814814,0
"Furkan Korkmaz","PHI",37,353,36,0,16,3,1,1,3,0.13709677419354838,0.20512820512820512,0.021739130434782608
"Richaun Holmes","SAC",42,348,19,0,9,3,0,0,1,0.09473684210526316,0.10344827586206896,0
"AJ Green","MIL",35,345,4,2,1,0,0,0,0,0.007936507936507936,0.047619047619047616,0
"Davon Reed","LAL",43,342,24,0,9,0,0,0,3,0.0967741935483871,0.19148936170212766,0
"Jae Crowder","MIL",18,340,12,1,5,1,0,0,1,0.05102040816326531,0.11627906976744186,0
"Derrick Rose","NYK",27,338,12,1,6,1,0,0,0,0.036585365853658534,0.0594059405940594,0
"McKinley Wright IV","DAL",27,335,19,0,7,5,0,0,5,0.07,0.09722222222222222,0
"Theo Pinson","DAL",40,323,13,0,3,1,0,0,4,0.033707865168539325,0.1111111111111111,0
"Julian Champagnie","SAS",17,320,17,1,7,4,2,1,1,0.06716417910447761,0.13725490196078433,0.024096385542168676
"Matt Ryan","MIN",34,310,12,0,2,0,2,0,1,0.03571428571428571,0.07692307692307693,0.023255813953488372
"Robin Lopez","CLE",37,299,18,0,8,4,0,0,3,0.10126582278481013,0.10666666666666667,0
"Moses Brown","BKN",36,294,72,0,29,8,0,0,11,0.24786324786324787,0.24786324786324787,0
"Nathan Knight","MIN",38,291,57,0,30,5,0,0,1,0.2830188679245283,0.35714285714285715,0
"Kennedy Chandler","MEM",36,281,13,0,6,2,0,0,2,0.06896551724137931,0.08333333333333333,0
"Dalano Banton","TOR",31,279,24,0,11,2,0,0,2,0.07913669064748201,0.125,0
"Trent Forrest","ATL",23,277,3,0,2,1,0,0,0,0.03278688524590164,0.03389830508474576,0
"Bryn Forbes","MIN",25,268,15,0,7,2,1,0,0,0.0898876404494382,0.16666666666666666,0.02127659574468085
"Terry Taylor","CHI",31,263,11,0,6,1,0,0,0,0.075,0.09836065573770492,0
"Jeff Dowtin Jr.","TOR",25,259,9,0,3,2,1,0,1,0.06779661016949153,0.07142857142857142,0.058823529411764705
"Brandon Boston Jr.","LAC",22,248,38,2,16,6,0,0,5,0.12121212121212122,0.1553398058252427,0
"KZ Okpala","SAC",35,248,8,0,4,0,0,0,0,0.09523809523809523,0.19047619047619047,0
"Luka Garza","MIN",28,243,52,0,21,5,1,0,6,0.16541353383458646,0.22580645161290322,0.025
"Jamal Cain","MIA",18,240,22,0,13,4,0,0,0,0.17333333333333334,0.23636363636363636,0
"Frank Kaminsky","HOU",36,235,16,0,6,0,0,0,2,0.08695652173913043,0.16666666666666666,0
"Kira Lewis Jr.","NOP",25,235,22,0,10,2,0,0,2,0.10416666666666667,0.16129032258064516,0
"Johnny Juzang","UTA",18,232,4,0,2,0,0,0,0,0.018867924528301886,0.046511627906976744,0
"David Duke Jr.","BKN",23,228,17,0,10,3,0,0,0,0.11764705882352941,0.136986301369863,0
"Patrick Baldwin Jr.","GSW",31,226,6,0,3,0,0,0,0,0.026785714285714284,0.10714285714285714,0
"John Butler Jr.","POR",19,221,4,0,3,2,0,0,0,0.05555555555555555,0.15789473684210525,0
"Cody Zeller","MIA",15,217,35,0,14,3,0,0,5,0.2,0.20588235294117646,0
"Dalen Terry","CHI",38,214,21,0,10,1,0,0,1,0.12345679012345678,0.18518518518518517,0
"Matthew Dellavedova","SAC",32,213,7,0,2,1,0,0,2,0.0392156862745098,0.08333333333333333,0
"Thanasis Antetokounmpo","MIL",37,206,22,0,9,0,0,0,2,0.16363636363636364,0.19148936170212766,0
"Nikola Jovic","MIA",15,204,19,0,8,3,0,0,3,0.10810810810810811,0.20512820512820512,0
"Jared Rhoden","DET",14,198,6,0,2,0,0,0,1,0.043478260869565216,0.07692307692307693,0
"Moussa Diabate","LAC",22,195,16,0,9,4,0,0,1,0.17307692307692307,0.18,0
"Nerlens Noel","BKN",17,195,12,0,4,0,0,0,1,0.1,0.10526315789473684,0
"Skylar Mays","POR",6,189,13,1,6,2,0,0,1,0.08333333333333333,0.13043478260869565,0
"Peyton Watson","DEN",23,186,20,0,10,2,0,0,1,0.14925373134328357,0.18867924528301888,0
"Serge Ibaka","MIL",16,185,13,0,4,1,0,0,3,0.07017543859649122,0.10256410256410256,0
"Kenneth Lofton Jr.","MEM",24,176,27,0,15,5,0,0,1,0.14563106796116504,0.1744186046511628,0
"Mamadi Diakite","CLE",22,176,2,0,1,0,0,0,0,0.0196078431372549,0.03333333333333333,0
"Ryan Arcidiacono","POR",20,172,0,0,0,0,0,0,0,0,0,0
"Noah Vonleh","BOS",23,172,2,0,1,0,0,0,0,0.04,0.047619047619047616,0
"Boban Marjanovic","HOU",31,171,27,0,14,7,0,0,3,0.208955223880597,0.21212121212121213,0
"Vit Krejci","ATL",29,165,2,0,1,0,0,0,0,0.02631578947368421,0.058823529411764705,0
"James Johnson","IND",18,162,8,0,3,0,0,0,1,0.057692307692307696,0.08108108108108109,0
"Khem Birch","TOR",20,162,5,0,2,1,0,0,1,0.06060606060606061,0.06451612903225806,0
"Garrett Temple","NOP",25,162,4,0,2,0,0,0,0,0.0425531914893617,0.09523809523809523,0
"Alex Len","SAC",26,161,16,0,6,0,0,0,2,0.16666666666666666,0.17647058823529413,0
"Luka Samanic","UTA",7,161,13,0,7,1,0,0,0,0.1111111111111111,0.21875,0
"Dru Smith","BKN",15,158,3,0,2,1,0,0,0,0.043478260869565216,0.07407407407407407,0
"Wendell Moore Jr.","MIN",29,153,5,1,2,0,0,0,0,0.044444444444444446,0.07142857142857142,0
"Otto Porter Jr.","TOR",8,146,8,0,4,2,0,0,1,0.125,0.26666666666666666,0
"Kemba Walker","DAL",9,144,21,0,8,2,1,0,2,0.140625,0.22857142857142856,0.034482758620689655
"Danny Green","CLE",11,139,1,0,0,0,1,1,0,0.02040816326530612,0,0.02702702702702703
"Jarrett Culver","ATL",10,137,13,0,7,1,0,0,0,0.14285714285714285,0.1891891891891892,0
"Quenton Jackson","WAS",9,135,22,0,8,2,0,0,4,0.16666666666666666,0.2222222222222222,0
"Cody Martin","CHA",7,134,7,0,5,3,0,0,0,0.13157894736842105,0.20833333333333334,0
"Jeenathan Williams","POR",5,127,3,0,2,1,0,0,0,0.05,0.0625,0
"Xavier Cooks","WAS",10,126,10,0,3,0,0,0,2,0.0967741935483871,0.1,0
"Jonathan Isaac","ORL",11,124,9,0,5,1,0,0,0,0.08771929824561403,0.11904761904761904,0
"Jason Preston","LAC",14,124,2,0,0,0,0,0,1,0,0,0
"Shaquille Harrison","POR",5,120,15,0,7,2,1,0,0,0.19047619047619047,0.22580645161290322,0.09090909090909091
"Meyers Leonard","MIL",9,114,9,0,4,1,0,0,1,0.125,0.2857142857142857,0
"Olivier Sarr","OKC",9,114,7,0,4,1,0,0,0,0.12121212121212122,0.16,0
"Andre Iguodala","GSW",8,113,3,0,1,1,0,0,1,0.06666666666666667,0.16666666666666666,0
"Daniel Theis","IND",7,109,12,0,7,2,0,0,0,0.14285714285714285,0.18421052631578946,0
"A.J. Lawson","DAL",15,108,8,0,5,2,0,0,0,0.10638297872340426,0.22727272727272727,0
"Justin Jackson","BOS",23,107,2,0,1,0,0,0,0,0.03571428571428571,0.125,0
"Vince Williams Jr.","MEM",15,105,2,0,1,0,0,0,0,0.024390243902439025,0.07692307692307693,0
"Josh Minott","MIN",15,96,8,0,4,0,0,0,0,0.1,0.11764705882352941,0
"Jay Huff","WAS",7,95,16,0,5,1,0,0,4,0.1724137931034483,0.29411764705882354,0
"Joshua Primo","SAS",4,93,9,0,5,1,0,0,0,0.16666666666666666,0.2777777777777778,0
"Greg Brown III","POR",16,93,12,0,6,2,0,0,1,0.1875,0.24,0
"Buddy Boeheim","DET",10,90,2,0,1,0,0,0,0,0.03571428571428571,0.3333333333333333,0
"Jaden Springer","PHI",16,89,8,0,3,0,0,0,1,0.07894736842105263,0.09090909090909091,0
"Justin Minaya","POR",4,89,1,0,1,1,0,0,0,0.043478260869565216,0.09090909090909091,0
"Lindell Wigginton","MIL",7,87,9,0,5,1,0,0,0,0.12195121951219512,0.21739130434782608,0
"Isaiah Mobley","CLE",12,84,4,0,2,0,0,0,0,0.06666666666666667,0.09090909090909091,0
"Omer Yurtseven","MIA",9,83,6,0,3,2,0,0,1,0.10714285714285714,0.14285714285714285,0
"Jordan Hall","SAS",9,83,9,0,4,1,0,0,1,0.12903225806451613,0.25,0
"PJ Dozier","SAC",16,79,0,0,0,0,0,0,0,0,0,0
"Jared Butler","OKC",6,77,0,0,0,0,0,0,0,0,0,0
"Udonis Haslem","MIA",7,72,5,0,2,1,0,0,1,0.06666666666666667,0.09523809523809523,0
"Keon Ellis","SAC",16,71,7,0,1,0,1,0,1,0.1111111111111111,0.2,0.07692307692307693
"Jamaree Bouyea","WAS",5,71,2,0,1,0,0,0,0,0.06666666666666667,0.1111111111111111,0
"Trevelin Queen","IND",7,70,5,0,1,0,1,0,0,0.03333333333333333,0.06666666666666667,0
"Leandro Bolmaro","UTA",14,68,0,0,0,0,0,0,0,0,0,0
"Jack White","DEN",17,66,3,0,2,1,0,0,0,0.1,0.18181818181818182,0
"JD Davison","BOS",12,66,2,0,1,0,0,0,0,0.05,0.07692307692307693,0
"Tyrese Martin","ATL",16,66,2,0,1,0,0,0,0,0.041666666666666664,0.058823529411764705,0
"Ryan Rollins","GSW",12,62,6,0,0,0,0,0,3,0,0,0
"Isaiah Todd","WAS",6,61,2,0,0,0,0,0,1,0,0,0
"Sam Merrill","CLE",5,59,2,0,0,0,0,0,1,0,0,0
"Carlik Jones","CHI",7,56,8,0,3,0,0,0,1,0.16666666666666666,0.25,0
"Gabe York","IND",3,56,2,0,1,0,0,0,0,0.045454545454545456,0.25,0
"Devon Dotson","WAS",6,53,0,0,0,0,0,0,0,0,0,0
"Micah Potter","UTA",7,52,0,0,0,0,0,0,0,0,0,0
"Facundo Campazzo","DAL",8,52,2,0,0,0,0,0,1,0,0,0
"Joe Wieskamp","TOR",9,50,0,0,0,0,0,0,0,0,0,0
"Xavier Sneed","CHA",4,48,4,0,1,0,0,0,1,0.09090909090909091,0.2,0
"Kendall Brown","IND",6,40,2,0,1,0,0,0,0,0.125,0.14285714285714285,0